fqn,clazz,method,package,truth,pred,adversarial,flaky
com.cricket.core.engine.BallValidatorTest#aPlainDeliveryIsValid,BallValidatorTest,aPlainDeliveryIsValid,com.cricket.core,5,4,False,False
com.cricket.core.engine.BallValidatorTest#aNullBallIsRejected,BallValidatorTest,aNullBallIsRejected,com.cricket.core,5,4,False,False
com.cricket.core.engine.BallValidatorTest#aNullBallReportsAReason,BallValidatorTest,aNullBallReportsAReason,com.cricket.core,5,4,False,False
com.cricket.core.engine.BallValidatorTest#aNegativeOverIsRejected,BallValidatorTest,aNegativeOverIsRejected,com.cricket.core,5,4,False,False
com.cricket.core.engine.BallValidatorTest#ballZeroOfAnOverIsRejected,BallValidatorTest,ballZeroOfAnOverIsRejected,com.cricket.core,5,4,False,False
com.cricket.core.engine.BallValidatorTest#aSeventhDeliveryIsAllowedAfterAWide,BallValidatorTest,aSeventhDeliveryIsAllowedAfterAWide,com.cricket.core,5,4,False,False
com.cricket.core.engine.BallValidatorTest#anEighthDeliveryIsRejected,BallValidatorTest,anEighthDeliveryIsRejected,com.cricket.core,5,4,False,False
com.cricket.core.engine.BallValidatorTest#negativeRunsOffBatAreRejected,BallValidatorTest,negativeRunsOffBatAreRejected,com.cricket.core,5,4,False,False
com.cricket.core.engine.BallValidatorTest#sixRunsOffBatAreAllowed,BallValidatorTest,sixRunsOffBatAreAllowed,com.cricket.core,5,4,False,False
com.cricket.core.engine.BallValidatorTest#sevenRunsOffBatAreRejected,BallValidatorTest,sevenRunsOffBatAreRejected,com.cricket.core,5,4,False,False
com.cricket.core.engine.BallValidatorTest#theSameBatterAtBothEndsIsRejected,BallValidatorTest,theSameBatterAtBothEndsIsRejected,com.cricket.core,5,4,False,False
com.cricket.core.engine.BallValidatorTest#aBowlerFacingHisOwnDeliveryIsRejected,BallValidatorTest,aBowlerFacingHisOwnDeliveryIsRejected,com.cricket.core,5,4,False,False
com.cricket.core.engine.BallValidatorTest#runsOffTheBatFromAWideAreRejected,BallValidatorTest,runsOffTheBatFromAWideAreRejected,com.cricket.core,5,4,False,False
com.cricket.core.engine.BallValidatorTest#aPlainWideIsValid,BallValidatorTest,aPlainWideIsValid,com.cricket.core,5,4,False,False
com.cricket.core.engine.BallValidatorTest#aWideWithExtraRunsIsValid,BallValidatorTest,aWideWithExtraRunsIsValid,com.cricket.core,5,4,False,False
com.cricket.core.engine.BallValidatorTest#byesCombinedWithRunsOffTheBatAreRejected,BallValidatorTest,byesCombinedWithRunsOffTheBatAreRejected,com.cricket.core,5,4,False,False
com.cricket.core.engine.BallValidatorTest#legByesCombinedWithRunsOffTheBatAreRejected,BallValidatorTest,legByesCombinedWithRunsOffTheBatAreRejected,com.cricket.core,5,4,False,False
com.cricket.core.engine.BallValidatorTest#aNoBallHitForRunsIsValid,BallValidatorTest,aNoBallHitForRunsIsValid,com.cricket.core,5,4,False,False
com.cricket.core.engine.BallValidatorTest#aPenaltyWithoutRunsIsRejected,BallValidatorTest,aPenaltyWithoutRunsIsRejected,com.cricket.core,5,4,False,False
com.cricket.core.engine.BallValidatorTest#aPenaltyWithRunsIsValid,BallValidatorTest,aPenaltyWithRunsIsValid,com.cricket.core,5,4,False,False
com.cricket.core.engine.BallValidatorTest#beingBowledOffAWideIsRejected,BallValidatorTest,beingBowledOffAWideIsRejected,com.cricket.core,5,4,False,False
com.cricket.core.engine.BallValidatorTest#beingStumpedOffAWideIsAllowed,BallValidatorTest,beingStumpedOffAWideIsAllowed,com.cricket.core,5,4,False,False
com.cricket.core.engine.BallValidatorTest#beingRunOutOffANoBallIsAllowed,BallValidatorTest,beingRunOutOffANoBallIsAllowed,com.cricket.core,5,4,False,False
com.cricket.core.engine.BallValidatorTest#dismissingABatterWhoIsNotAtTheCreaseIsRejected,BallValidatorTest,dismissingABatterWhoIsNotAtTheCreaseIsRejected,com.cricket.core,5,4,False,False
com.cricket.core.engine.BallValidatorTest#theNonStrikerCannotBeBowled,BallValidatorTest,theNonStrikerCannotBeBowled,com.cricket.core,5,4,False,False
com.cricket.core.engine.BallValidatorTest#theNonStrikerCanBeRunOut,BallValidatorTest,theNonStrikerCanBeRunOut,com.cricket.core,5,4,False,False
com.cricket.core.engine.BallValidatorTest#runsOffTheBatOnACatchAreRejected,BallValidatorTest,runsOffTheBatOnACatchAreRejected,com.cricket.core,5,4,False,False
com.cricket.core.engine.BallValidatorTest#aCleanCatchIsValid,BallValidatorTest,aCleanCatchIsValid,com.cricket.core,5,4,False,False
com.cricket.core.engine.BallValidatorTest#severalProblemsAreAllReported,BallValidatorTest,severalProblemsAreAllReported,com.cricket.core,5,4,False,False
com.cricket.core.engine.BallValidatorTest#aValidDeliveryAgainstTheInningsPasses,BallValidatorTest,aValidDeliveryAgainstTheInningsPasses,com.cricket.core,5,4,False,False
com.cricket.core.engine.BallValidatorTest#aNullInningsIsRejected,BallValidatorTest,aNullInningsIsRejected,com.cricket.core,5,4,False,False
com.cricket.core.engine.BallValidatorTest#aClosedInningsIsRejected,BallValidatorTest,aClosedInningsIsRejected,com.cricket.core,5,4,False,False
com.cricket.core.engine.BallValidatorTest#aBowlerFromTheBattingSideIsRejected,BallValidatorTest,aBowlerFromTheBattingSideIsRejected,com.cricket.core,5,4,False,False
com.cricket.core.engine.BallValidatorTest#aStrikerFromTheBowlingSideIsRejected,BallValidatorTest,aStrikerFromTheBowlingSideIsRejected,com.cricket.core,5,4,False,False
com.cricket.core.engine.BallValidatorTest#aNonStrikerFromTheBowlingSideIsRejected,BallValidatorTest,aNonStrikerFromTheBowlingSideIsRejected,com.cricket.core,5,4,False,False
com.cricket.core.engine.BallValidatorTest#aFielderFromTheBattingSideIsRejected,BallValidatorTest,aFielderFromTheBattingSideIsRejected,com.cricket.core,5,4,False,False
com.cricket.core.engine.BallValidatorTest#aValidResultHasNoErrors,BallValidatorTest,aValidResultHasNoErrors,com.cricket.core,5,3,False,False
com.cricket.core.engine.BallValidatorTest#throwIfInvalidIsSilentWhenValid,BallValidatorTest,throwIfInvalidIsSilentWhenValid,com.cricket.core,5,4,False,False
com.cricket.core.engine.BallValidatorTest#throwIfInvalidRaisesWhenInvalid,BallValidatorTest,throwIfInvalidRaisesWhenInvalid,com.cricket.core,5,4,False,False
com.cricket.core.engine.BallValidatorTest#anUnknownFragmentIsNotMatched,BallValidatorTest,anUnknownFragmentIsNotMatched,com.cricket.core,5,4,False,False
com.cricket.core.engine.BallValidatorTest#aNullFragmentIsNotMatched,BallValidatorTest,aNullFragmentIsNotMatched,com.cricket.core,5,4,False,False
com.cricket.core.engine.CommentaryGeneratorTest#describeLeadsWithTheAddress,CommentaryGeneratorTest,describeLeadsWithTheAddress,com.cricket.core,5,4,False,False
com.cricket.core.engine.CommentaryGeneratorTest#describeNamesBothPlayers,CommentaryGeneratorTest,describeNamesBothPlayers,com.cricket.core,5,4,False,False
com.cricket.core.engine.CommentaryGeneratorTest#describeEndsWithTheOutcome,CommentaryGeneratorTest,describeEndsWithTheOutcome,com.cricket.core,5,4,False,False
com.cricket.core.engine.CommentaryGeneratorTest#aMissingBowlerNameFallsBack,CommentaryGeneratorTest,aMissingBowlerNameFallsBack,com.cricket.core,5,4,False,False
com.cricket.core.engine.CommentaryGeneratorTest#aBlankStrikerNameFallsBack,CommentaryGeneratorTest,aBlankStrikerNameFallsBack,com.cricket.core,5,4,False,False
com.cricket.core.engine.CommentaryGeneratorTest#describingANullBallIsRejected,CommentaryGeneratorTest,describingANullBallIsRejected,com.cricket.core,5,4,False,False
com.cricket.core.engine.CommentaryGeneratorTest#theOutcomeOfANullBallIsRejected,CommentaryGeneratorTest,theOutcomeOfANullBallIsRejected,com.cricket.core,5,4,False,False
com.cricket.core.engine.CommentaryGeneratorTest#aDotBallReadsAsNoRun,CommentaryGeneratorTest,aDotBallReadsAsNoRun,com.cricket.core,5,4,False,False
com.cricket.core.engine.CommentaryGeneratorTest#aSingleIsRenderedInTheSingular,CommentaryGeneratorTest,aSingleIsRenderedInTheSingular,com.cricket.core,5,4,False,False
com.cricket.core.engine.CommentaryGeneratorTest#twoRunsAreRenderedInThePlural,CommentaryGeneratorTest,twoRunsAreRenderedInThePlural,com.cricket.core,5,4,False,False
com.cricket.core.engine.CommentaryGeneratorTest#threeRunsAreRenderedInThePlural,CommentaryGeneratorTest,threeRunsAreRenderedInThePlural,com.cricket.core,5,4,False,False
com.cricket.core.engine.CommentaryGeneratorTest#aBoundaryIsShouted,CommentaryGeneratorTest,aBoundaryIsShouted,com.cricket.core,5,4,False,False
com.cricket.core.engine.CommentaryGeneratorTest#aSixIsShouted,CommentaryGeneratorTest,aSixIsShouted,com.cricket.core,5,4,False,False
com.cricket.core.engine.CommentaryGeneratorTest#aPlainWideIsNamed,CommentaryGeneratorTest,aPlainWideIsNamed,com.cricket.core,5,4,False,False
com.cricket.core.engine.CommentaryGeneratorTest#aWideWithRunsMentionsThem,CommentaryGeneratorTest,aWideWithRunsMentionsThem,com.cricket.core,5,4,False,False
com.cricket.core.engine.CommentaryGeneratorTest#aPlainNoBallIsNamed,CommentaryGeneratorTest,aPlainNoBallIsNamed,com.cricket.core,5,4,False,False
com.cricket.core.engine.CommentaryGeneratorTest#aNoBallHitForRunsMentionsThem,CommentaryGeneratorTest,aNoBallHitForRunsMentionsThem,com.cricket.core,5,4,False,False
com.cricket.core.engine.CommentaryGeneratorTest#oneByeIsRenderedInTheSingular,CommentaryGeneratorTest,oneByeIsRenderedInTheSingular,com.cricket.core,5,4,False,False
com.cricket.core.engine.CommentaryGeneratorTest#multipleByesAreRenderedInThePlural,CommentaryGeneratorTest,multipleByesAreRenderedInThePlural,com.cricket.core,5,4,False,False
com.cricket.core.engine.CommentaryGeneratorTest#oneLegByeIsRenderedInTheSingular,CommentaryGeneratorTest,oneLegByeIsRenderedInTheSingular,com.cricket.core,5,4,False,False
com.cricket.core.engine.CommentaryGeneratorTest#multipleLegByesAreRenderedInThePlural,CommentaryGeneratorTest,multipleLegByesAreRenderedInThePlural,com.cricket.core,5,4,False,False
com.cricket.core.engine.CommentaryGeneratorTest#penaltyRunsAreNamed,CommentaryGeneratorTest,penaltyRunsAreNamed,com.cricket.core,5,4,False,False
com.cricket.core.engine.CommentaryGeneratorTest#beingBowledIsAnnounced,CommentaryGeneratorTest,beingBowledIsAnnounced,com.cricket.core,5,4,False,False
com.cricket.core.engine.CommentaryGeneratorTest#anLbwIsAnnounced,CommentaryGeneratorTest,anLbwIsAnnounced,com.cricket.core,5,4,False,False
com.cricket.core.engine.CommentaryGeneratorTest#aCatchNamesTheFielder,CommentaryGeneratorTest,aCatchNamesTheFielder,com.cricket.core,5,4,False,False
com.cricket.core.engine.CommentaryGeneratorTest#aStumpingNamesTheKeeper,CommentaryGeneratorTest,aStumpingNamesTheKeeper,com.cricket.core,5,4,False,False
com.cricket.core.engine.CommentaryGeneratorTest#aRunOutNamesTheFielder,CommentaryGeneratorTest,aRunOutNamesTheFielder,com.cricket.core,5,4,False,False
com.cricket.core.engine.CommentaryGeneratorTest#hitWicketIsAnnounced,CommentaryGeneratorTest,hitWicketIsAnnounced,com.cricket.core,5,4,False,False
com.cricket.core.engine.CommentaryGeneratorTest#obstructingTheFieldIsAnnounced,CommentaryGeneratorTest,obstructingTheFieldIsAnnounced,com.cricket.core,5,4,False,False
com.cricket.core.engine.CommentaryGeneratorTest#retiringOutIsNotShouted,CommentaryGeneratorTest,retiringOutIsNotShouted,com.cricket.core,5,4,False,False
com.cricket.core.engine.CommentaryGeneratorTest#timedOutIsAnnounced,CommentaryGeneratorTest,timedOutIsAnnounced,com.cricket.core,5,4,False,False
com.cricket.core.engine.CommentaryGeneratorTest#aWicketOutranksTheRunsOnTheDelivery,CommentaryGeneratorTest,aWicketOutranksTheRunsOnTheDelivery,com.cricket.core,5,4,False,False
com.cricket.core.engine.CommentaryGeneratorTest#thereIsNoMilestoneBelowFifty,CommentaryGeneratorTest,thereIsNoMilestoneBelowFifty,com.cricket.core,5,4,False,False
com.cricket.core.engine.CommentaryGeneratorTest#fiftyIsAMilestone,CommentaryGeneratorTest,fiftyIsAMilestone,com.cricket.core,5,4,False,False
com.cricket.core.engine.CommentaryGeneratorTest#ninetyNineIsStillAFifty,CommentaryGeneratorTest,ninetyNineIsStillAFifty,com.cricket.core,5,4,False,False
com.cricket.core.engine.CommentaryGeneratorTest#oneHundredIsAHundred,CommentaryGeneratorTest,oneHundredIsAHundred,com.cricket.core,5,4,False,False
com.cricket.core.engine.CommentaryGeneratorTest#twoHundredIsADoubleHundred,CommentaryGeneratorTest,twoHundredIsADoubleHundred,com.cricket.core,5,4,False,False
com.cricket.core.engine.CommentaryGeneratorTest#theMilestoneNamesTheBatter,CommentaryGeneratorTest,theMilestoneNamesTheBatter,com.cricket.core,5,4,False,False
com.cricket.core.engine.CommentaryGeneratorTest#endOfOverCountsFromOne,CommentaryGeneratorTest,endOfOverCountsFromOne,com.cricket.core,5,4,False,False
com.cricket.core.engine.CommentaryGeneratorTest#endOfOverReportsTheScore,CommentaryGeneratorTest,endOfOverReportsTheScore,com.cricket.core,5,4,False,False
com.cricket.core.engine.CommentaryGeneratorTest#oneRunInAnOverIsRenderedInTheSingular,CommentaryGeneratorTest,oneRunInAnOverIsRenderedInTheSingular,com.cricket.core,5,4,False,False
com.cricket.core.engine.CommentaryGeneratorTest#severalRunsInAnOverAreRenderedInThePlural,CommentaryGeneratorTest,severalRunsInAnOverAreRenderedInThePlural,com.cricket.core,5,4,False,False
com.cricket.core.engine.CommentaryGeneratorTest#aMaidenOverReadsAsZeroRuns,CommentaryGeneratorTest,aMaidenOverReadsAsZeroRuns,com.cricket.core,5,4,False,False
com.cricket.core.engine.DlsCalculatorTest#fullFiftyOverInningsIsOneHundredPercent,DlsCalculatorTest,fullFiftyOverInningsIsOneHundredPercent,com.cricket.core,5,2,False,False
com.cricket.core.engine.DlsCalculatorTest#noOversRemainingIsZeroResource,DlsCalculatorTest,noOversRemainingIsZeroResource,com.cricket.core,5,2,False,False
com.cricket.core.engine.DlsCalculatorTest#noOversRemainingIsZeroWhateverTheWickets,DlsCalculatorTest,noOversRemainingIsZeroWhateverTheWickets,com.cricket.core,5,2,False,False
com.cricket.core.engine.DlsCalculatorTest#resourceIncreasesWithOversRemaining,DlsCalculatorTest,resourceIncreasesWithOversRemaining,com.cricket.core,5,2,False,False
com.cricket.core.engine.DlsCalculatorTest#resourceDecreasesAsWicketsFall,DlsCalculatorTest,resourceDecreasesAsWicketsFall,com.cricket.core,5,2,False,False
com.cricket.core.engine.DlsCalculatorTest#resourceNeverExceedsOneHundred,DlsCalculatorTest,resourceNeverExceedsOneHundred,com.cricket.core,5,2,False,False
com.cricket.core.engine.DlsCalculatorTest#resourceIsNeverNegative,DlsCalculatorTest,resourceIsNeverNegative,com.cricket.core,5,2,False,False
com.cricket.core.engine.DlsCalculatorTest#halfTheOversLeavesMoreThanHalfTheResource,DlsCalculatorTest,halfTheOversLeavesMoreThanHalfTheResource,com.cricket.core,5,2,False,False
com.cricket.core.engine.DlsCalculatorTest#nineWicketsDownIsALowResourceEvenWithOversLeft,DlsCalculatorTest,nineWicketsDownIsALowResourceEvenWithOversLeft,com.cricket.core,5,2,False,False
com.cricket.core.engine.DlsCalculatorTest#negativeOversAreRejected,DlsCalculatorTest,negativeOversAreRejected,com.cricket.core,5,4,False,False
com.cricket.core.engine.DlsCalculatorTest#moreThanFiftyOversAreRejected,DlsCalculatorTest,moreThanFiftyOversAreRejected,com.cricket.core,5,4,False,False
com.cricket.core.engine.DlsCalculatorTest#negativeWicketsAreRejected,DlsCalculatorTest,negativeWicketsAreRejected,com.cricket.core,5,4,False,False
com.cricket.core.engine.DlsCalculatorTest#tenWicketsIsRejected,DlsCalculatorTest,tenWicketsIsRejected,com.cricket.core,5,4,False,False
com.cricket.core.engine.DlsCalculatorTest#resourceUsedIsTheDifferenceBetweenStartAndEnd,DlsCalculatorTest,resourceUsedIsTheDifferenceBetweenStartAndEnd,com.cricket.core,5,2,False,False
com.cricket.core.engine.DlsCalculatorTest#anUninterruptedInningsUsesAllItsResource,DlsCalculatorTest,anUninterruptedInningsUsesAllItsResource,com.cricket.core,5,4,False,False
com.cricket.core.engine.DlsCalculatorTest#equalResourcesLeaveTheTargetOneAboveTheScore,DlsCalculatorTest,equalResourcesLeaveTheTargetOneAboveTheScore,com.cricket.core,5,4,False,False
com.cricket.core.engine.DlsCalculatorTest#fewerResourcesScaleTheTargetDown,DlsCalculatorTest,fewerResourcesScaleTheTargetDown,com.cricket.core,5,4,False,False
com.cricket.core.engine.DlsCalculatorTest#moreResourcesRaiseTheTargetUsingG50,DlsCalculatorTest,moreResourcesRaiseTheTargetUsingG50,com.cricket.core,5,2,False,False
com.cricket.core.engine.DlsCalculatorTest#targetIsAlwaysAtLeastOne,DlsCalculatorTest,targetIsAlwaysAtLeastOne,com.cricket.core,5,4,False,False
com.cricket.core.engine.DlsCalculatorTest#negativeFirstInningsScoreIsRejected,DlsCalculatorTest,negativeFirstInningsScoreIsRejected,com.cricket.core,5,4,False,False
com.cricket.core.engine.DlsCalculatorTest#zeroResourceForTeamOneIsRejected,DlsCalculatorTest,zeroResourceForTeamOneIsRejected,com.cricket.core,5,4,False,False
com.cricket.core.engine.DlsCalculatorTest#zeroResourceForTeamTwoIsRejected,DlsCalculatorTest,zeroResourceForTeamTwoIsRejected,com.cricket.core,5,4,False,False
com.cricket.core.engine.DlsCalculatorTest#parScoreIsZeroBeforeAnyResourceIsUsed,DlsCalculatorTest,parScoreIsZeroBeforeAnyResourceIsUsed,com.cricket.core,5,4,False,False
com.cricket.core.engine.DlsCalculatorTest#parScoreIsTheFullChaseWhenAllResourceIsUsed,DlsCalculatorTest,parScoreIsTheFullChaseWhenAllResourceIsUsed,com.cricket.core,5,4,False,False
com.cricket.core.engine.DlsCalculatorTest#parScoreIsHalfTheChaseAtTheHalfwayPoint,DlsCalculatorTest,parScoreIsHalfTheChaseAtTheHalfwayPoint,com.cricket.core,5,4,False,False
com.cricket.core.engine.DlsCalculatorTest#parScoreRejectsATargetBelowOne,DlsCalculatorTest,parScoreRejectsATargetBelowOne,com.cricket.core,5,4,False,False
com.cricket.core.engine.DlsCalculatorTest#aheadOfParIsTrueWhenScoreExceedsPar,DlsCalculatorTest,aheadOfParIsTrueWhenScoreExceedsPar,com.cricket.core,5,4,False,False
com.cricket.core.engine.DlsCalculatorTest#levelWithParIsNotAhead,DlsCalculatorTest,levelWithParIsNotAhead,com.cricket.core,5,4,False,False
com.cricket.core.engine.DlsCalculatorTest#behindParIsNotAhead,DlsCalculatorTest,behindParIsNotAhead,com.cricket.core,5,4,False,False
com.cricket.core.engine.DlsCalculatorTest#oversRemainingCountsDownFromTheLimit,DlsCalculatorTest,oversRemainingCountsDownFromTheLimit,com.cricket.core,5,2,False,False
com.cricket.core.engine.DlsCalculatorTest#oversRemainingHandlesAPartOver,DlsCalculatorTest,oversRemainingHandlesAPartOver,com.cricket.core,5,4,False,False
com.cricket.core.engine.DlsCalculatorTest#oversRemainingNeverGoesNegative,DlsCalculatorTest,oversRemainingNeverGoesNegative,com.cricket.core,5,2,False,False
com.cricket.core.engine.DlsCalculatorTest#oversRemainingRejectsAZeroLimit,DlsCalculatorTest,oversRemainingRejectsAZeroLimit,com.cricket.core,5,4,False,False
com.cricket.core.engine.DlsCalculatorTest#oversRemainingRejectsNegativeBalls,DlsCalculatorTest,oversRemainingRejectsNegativeBalls,com.cricket.core,5,4,False,False
com.cricket.core.engine.OverManagerTest#aFreshManagerHasNoLastBowler,OverManagerTest,aFreshManagerHasNoLastBowler,com.cricket.core,5,4,False,False
com.cricket.core.engine.OverManagerTest#aFreshManagerHasNoOversRecorded,OverManagerTest,aFreshManagerHasNoOversRecorded,com.cricket.core,5,4,False,False
com.cricket.core.engine.OverManagerTest#anyBowlerMayOpen,OverManagerTest,anyBowlerMayOpen,com.cricket.core,5,4,False,False
com.cricket.core.engine.OverManagerTest#recordingAnOverIncrementsTheTally,OverManagerTest,recordingAnOverIncrementsTheTally,com.cricket.core,5,4,False,False
com.cricket.core.engine.OverManagerTest#recordingAnOverSetsTheLastBowler,OverManagerTest,recordingAnOverSetsTheLastBowler,com.cricket.core,5,4,False,False
com.cricket.core.engine.OverManagerTest#aBowlerMayNotBowlConsecutiveOvers,OverManagerTest,aBowlerMayNotBowlConsecutiveOvers,com.cricket.core,5,4,False,False
com.cricket.core.engine.OverManagerTest#anotherBowlerMayFollow,OverManagerTest,anotherBowlerMayFollow,com.cricket.core,5,4,False,False
com.cricket.core.engine.OverManagerTest#aBowlerMayReturnAfterOneOverFromTheOtherEnd,OverManagerTest,aBowlerMayReturnAfterOneOverFromTheOtherEnd,com.cricket.core,5,4,False,False
com.cricket.core.engine.OverManagerTest#t20CapsBowlersAtFourOvers,OverManagerTest,t20CapsBowlersAtFourOvers,com.cricket.core,5,4,False,False
com.cricket.core.engine.OverManagerTest#odiCapsBowlersAtTenOvers,OverManagerTest,odiCapsBowlersAtTenOvers,com.cricket.core,5,4,False,False
com.cricket.core.engine.OverManagerTest#testCricketHasNoCap,OverManagerTest,testCricketHasNoCap,com.cricket.core,5,4,False,False
com.cricket.core.engine.OverManagerTest#reachingTheCapBlocksFurtherOvers,OverManagerTest,reachingTheCapBlocksFurtherOvers,com.cricket.core,5,4,False,False
com.cricket.core.engine.OverManagerTest#aBowlerBelowTheCapIsNotBlocked,OverManagerTest,aBowlerBelowTheCapIsNotBlocked,com.cricket.core,5,4,False,False
com.cricket.core.engine.OverManagerTest#oversRemainingCountsDownToTheCap,OverManagerTest,oversRemainingCountsDownToTheCap,com.cricket.core,5,4,False,False
com.cricket.core.engine.OverManagerTest#oversRemainingIsUnboundedInTests,OverManagerTest,oversRemainingIsUnboundedInTests,com.cricket.core,5,4,False,False
com.cricket.core.engine.OverManagerTest#aTestBowlerIsNeverCapped,OverManagerTest,aTestBowlerIsNeverCapped,com.cricket.core,5,4,False,False
com.cricket.core.engine.OverManagerTest#aValidBowlerHasNoRejectionReason,OverManagerTest,aValidBowlerHasNoRejectionReason,com.cricket.core,5,4,False,False
com.cricket.core.engine.OverManagerTest#backToBackOversAreExplained,OverManagerTest,backToBackOversAreExplained,com.cricket.core,5,4,False,False
com.cricket.core.engine.OverManagerTest#reachingTheCapIsExplained,OverManagerTest,reachingTheCapIsExplained,com.cricket.core,5,4,False,False
com.cricket.core.engine.OverManagerTest#aBlankBowlerIsExplained,OverManagerTest,aBlankBowlerIsExplained,com.cricket.core,5,4,False,False
com.cricket.core.engine.OverManagerTest#aBlankBowlerMayNotBowl,OverManagerTest,aBlankBowlerMayNotBowl,com.cricket.core,5,4,False,False
com.cricket.core.engine.OverManagerTest#recordingAnIllegalOverIsRejected,OverManagerTest,recordingAnIllegalOverIsRejected,com.cricket.core,5,4,False,False
com.cricket.core.engine.OverManagerTest#resetClearsEverything,OverManagerTest,resetClearsEverything,com.cricket.core,5,4,False,False
com.cricket.core.engine.OverManagerTest#replayCountsOnlyCompletedOvers,OverManagerTest,replayCountsOnlyCompletedOvers,com.cricket.core,5,0,False,False
com.cricket.core.engine.OverManagerTest#replayIsIdempotent,OverManagerTest,replayIsIdempotent,com.cricket.core,5,0,False,False
com.cricket.core.engine.OverManagerTest#replayRecoversTheLastBowler,OverManagerTest,replayRecoversTheLastBowler,com.cricket.core,5,0,False,False
com.cricket.core.engine.OverManagerTest#aNullFormatIsRejected,OverManagerTest,aNullFormatIsRejected,com.cricket.core,5,4,False,False
com.cricket.core.engine.OverManagerTest#theFormatIsRetained,OverManagerTest,theFormatIsRetained,com.cricket.core,5,4,False,False
com.cricket.core.engine.OverManagerTest#bowledLastOverTracksTheMostRecentBowler,OverManagerTest,bowledLastOverTracksTheMostRecentBowler,com.cricket.core,5,4,False,False
com.cricket.core.engine.OverManagerTest#anUnknownBowlerHasNotBowledLastOver,OverManagerTest,anUnknownBowlerHasNotBowledLastOver,com.cricket.core,5,4,False,False
com.cricket.core.engine.ScoringEngineTest#dotBallLeavesScoreUnchanged,ScoringEngineTest,dotBallLeavesScoreUnchanged,com.cricket.core,5,4,False,False
com.cricket.core.engine.ScoringEngineTest#singleAddsOneRunToTheTeamTotal,ScoringEngineTest,singleAddsOneRunToTheTeamTotal,com.cricket.core,5,4,False,False
com.cricket.core.engine.ScoringEngineTest#boundaryAddsFourRuns,ScoringEngineTest,boundaryAddsFourRuns,com.cricket.core,5,4,False,False
com.cricket.core.engine.ScoringEngineTest#sixAddsSixRuns,ScoringEngineTest,sixAddsSixRuns,com.cricket.core,5,4,False,False
com.cricket.core.engine.ScoringEngineTest#runsOffBatAreCreditedToTheStriker,ScoringEngineTest,runsOffBatAreCreditedToTheStriker,com.cricket.core,5,4,False,False
com.cricket.core.engine.ScoringEngineTest#boundaryIsCountedAsAFour,ScoringEngineTest,boundaryIsCountedAsAFour,com.cricket.core,5,4,False,False
com.cricket.core.engine.ScoringEngineTest#sixIsCountedAsASix,ScoringEngineTest,sixIsCountedAsASix,com.cricket.core,5,4,False,False
com.cricket.core.engine.ScoringEngineTest#legalDeliveryAdvancesTheBallCount,ScoringEngineTest,legalDeliveryAdvancesTheBallCount,com.cricket.core,5,4,False,False
com.cricket.core.engine.ScoringEngineTest#oddRunRotatesTheStrike,ScoringEngineTest,oddRunRotatesTheStrike,com.cricket.core,5,4,False,False
com.cricket.core.engine.ScoringEngineTest#evenRunKeepsTheStrike,ScoringEngineTest,evenRunKeepsTheStrike,com.cricket.core,5,4,False,False
com.cricket.core.engine.ScoringEngineTest#wideAddsOnePenaltyRun,ScoringEngineTest,wideAddsOnePenaltyRun,com.cricket.core,5,4,False,False
com.cricket.core.engine.ScoringEngineTest#wideDoesNotAdvanceTheBallCount,ScoringEngineTest,wideDoesNotAdvanceTheBallCount,com.cricket.core,5,4,False,False
com.cricket.core.engine.ScoringEngineTest#wideIsRecordedInTheExtras,ScoringEngineTest,wideIsRecordedInTheExtras,com.cricket.core,5,4,False,False
com.cricket.core.engine.ScoringEngineTest#wideDoesNotCountAsABallFaced,ScoringEngineTest,wideDoesNotCountAsABallFaced,com.cricket.core,5,4,False,False
com.cricket.core.engine.ScoringEngineTest#noBallAddsOnePenaltyRun,ScoringEngineTest,noBallAddsOnePenaltyRun,com.cricket.core,5,4,False,False
com.cricket.core.engine.ScoringEngineTest#runsOffBatOnANoBallAreCreditedToTheStriker,ScoringEngineTest,runsOffBatOnANoBallAreCreditedToTheStriker,com.cricket.core,5,4,False,False
com.cricket.core.engine.ScoringEngineTest#noBallGrantsAFreeHit,ScoringEngineTest,noBallGrantsAFreeHit,com.cricket.core,5,4,False,False
com.cricket.core.engine.ScoringEngineTest#byesAreNotCreditedToTheStriker,ScoringEngineTest,byesAreNotCreditedToTheStriker,com.cricket.core,5,4,False,False
com.cricket.core.engine.ScoringEngineTest#legByesAreNotChargedToTheBowler,ScoringEngineTest,legByesAreNotChargedToTheBowler,com.cricket.core,5,4,False,False
com.cricket.core.engine.ScoringEngineTest#byesStillCountAsALegalDelivery,ScoringEngineTest,byesStillCountAsALegalDelivery,com.cricket.core,5,4,False,False
com.cricket.core.engine.ScoringEngineTest#wicketIncrementsTheWicketCount,ScoringEngineTest,wicketIncrementsTheWicketCount,com.cricket.core,5,4,False,False
com.cricket.core.engine.ScoringEngineTest#bowledIsCreditedToTheBowler,ScoringEngineTest,bowledIsCreditedToTheBowler,com.cricket.core,5,4,False,False
com.cricket.core.engine.ScoringEngineTest#runOutIsNotCreditedToTheBowler,ScoringEngineTest,runOutIsNotCreditedToTheBowler,com.cricket.core,5,4,False,False
com.cricket.core.engine.ScoringEngineTest#dismissedBatterIsMarkedOut,ScoringEngineTest,dismissedBatterIsMarkedOut,com.cricket.core,5,4,False,False
com.cricket.core.engine.ScoringEngineTest#wicketBreaksThePartnership,ScoringEngineTest,wicketBreaksThePartnership,com.cricket.core,5,4,False,False
com.cricket.core.engine.ScoringEngineTest#runsAreChargedToTheBowler,ScoringEngineTest,runsAreChargedToTheBowler,com.cricket.core,5,4,False,False
com.cricket.core.engine.ScoringEngineTest#wideIsChargedToTheBowler,ScoringEngineTest,wideIsChargedToTheBowler,com.cricket.core,5,4,False,False
com.cricket.core.engine.ScoringEngineTest#sixLegalDeliveriesCompleteTheOver,ScoringEngineTest,sixLegalDeliveriesCompleteTheOver,com.cricket.core,5,4,False,False
com.cricket.core.engine.ScoringEngineTest#strikeRotatesAtTheEndOfTheOver,ScoringEngineTest,strikeRotatesAtTheEndOfTheOver,com.cricket.core,5,4,False,False
com.cricket.core.engine.ScoringEngineTest#wicketlessRunlessOverIsAMaiden,ScoringEngineTest,wicketlessRunlessOverIsAMaiden,com.cricket.core,5,4,False,False
com.cricket.core.engine.ScoringEngineTest#overWithARunIsNotAMaiden,ScoringEngineTest,overWithARunIsNotAMaiden,com.cricket.core,5,4,False,False
com.cricket.core.engine.ScoringEngineTest#byesDoNotSpoilAMaiden,ScoringEngineTest,byesDoNotSpoilAMaiden,com.cricket.core,5,4,False,False
com.cricket.core.engine.ScoringEngineTest#ballIsAppendedToTheInningsRecord,ScoringEngineTest,ballIsAppendedToTheInningsRecord,com.cricket.core,5,4,False,False
com.cricket.core.engine.ScoringEngineTest#partnershipAccumulatesRuns,ScoringEngineTest,partnershipAccumulatesRuns,com.cricket.core,5,4,False,False
com.cricket.core.engine.ScoringEngineTest#teamTotalMatchesTheSumOfEveryDelivery,ScoringEngineTest,teamTotalMatchesTheSumOfEveryDelivery,com.cricket.core,5,2,False,False
com.cricket.core.engine.ScoringEngineTest#bowlerFromTheBattingSideIsRejected,ScoringEngineTest,bowlerFromTheBattingSideIsRejected,com.cricket.core,5,4,False,False
com.cricket.core.engine.ScoringEngineTest#deliveryToAClosedInningsIsRejected,ScoringEngineTest,deliveryToAClosedInningsIsRejected,com.cricket.core,5,0,False,False
com.cricket.core.json.JsonTest#anEmptyObjectParses,JsonTest,anEmptyObjectParses,com.cricket.core,5,3,False,False
com.cricket.core.json.JsonTest#anEmptyArrayParses,JsonTest,anEmptyArrayParses,com.cricket.core,5,3,False,False
com.cricket.core.json.JsonTest#aStringParses,JsonTest,aStringParses,com.cricket.core,5,3,False,False
com.cricket.core.json.JsonTest#anIntegerParses,JsonTest,anIntegerParses,com.cricket.core,5,3,False,False
com.cricket.core.json.JsonTest#aNegativeNumberParses,JsonTest,aNegativeNumberParses,com.cricket.core,5,3,False,False
com.cricket.core.json.JsonTest#aDecimalParses,JsonTest,aDecimalParses,com.cricket.core,5,3,False,False
com.cricket.core.json.JsonTest#exponentNotationParses,JsonTest,exponentNotationParses,com.cricket.core,5,3,False,False
com.cricket.core.json.JsonTest#trueParses,JsonTest,trueParses,com.cricket.core,5,3,False,False
com.cricket.core.json.JsonTest#falseParses,JsonTest,falseParses,com.cricket.core,5,3,False,False
com.cricket.core.json.JsonTest#nullParses,JsonTest,nullParses,com.cricket.core,5,3,False,False
com.cricket.core.json.JsonTest#anObjectMemberIsRead,JsonTest,anObjectMemberIsRead,com.cricket.core,5,3,False,False
com.cricket.core.json.JsonTest#anArrayElementIsRead,JsonTest,anArrayElementIsRead,com.cricket.core,5,3,False,False
com.cricket.core.json.JsonTest#nestingIsHandled,JsonTest,nestingIsHandled,com.cricket.core,5,3,False,False
com.cricket.core.json.JsonTest#anArrayOfObjectsIsHandled,JsonTest,anArrayOfObjectsIsHandled,com.cricket.core,5,3,False,False
com.cricket.core.json.JsonTest#whitespaceIsIgnored,JsonTest,whitespaceIsIgnored,com.cricket.core,5,3,False,False
com.cricket.core.json.JsonTest#memberOrderIsPreserved,JsonTest,memberOrderIsPreserved,com.cricket.core,5,3,False,False
com.cricket.core.json.JsonTest#hasDetectsAMember,JsonTest,hasDetectsAMember,com.cricket.core,5,3,False,False
com.cricket.core.json.JsonTest#aMissingMemberIsNull,JsonTest,aMissingMemberIsNull,com.cricket.core,5,3,False,False
com.cricket.core.json.JsonTest#escapedQuotesRoundTrip,JsonTest,escapedQuotesRoundTrip,com.cricket.core,5,3,False,False
com.cricket.core.json.JsonTest#escapedBackslashesRoundTrip,JsonTest,escapedBackslashesRoundTrip,com.cricket.core,5,3,False,False
com.cricket.core.json.JsonTest#escapedNewlinesRoundTrip,JsonTest,escapedNewlinesRoundTrip,com.cricket.core,5,3,False,False
com.cricket.core.json.JsonTest#escapedTabsRoundTrip,JsonTest,escapedTabsRoundTrip,com.cricket.core,5,3,False,False
com.cricket.core.json.JsonTest#escapedSlashesAreAccepted,JsonTest,escapedSlashesAreAccepted,com.cricket.core,5,3,False,False
com.cricket.core.json.JsonTest#unicodeEscapesAreDecoded,JsonTest,unicodeEscapesAreDecoded,com.cricket.core,5,3,False,False
com.cricket.core.json.JsonTest#aStringIsWrittenWithQuotes,JsonTest,aStringIsWrittenWithQuotes,com.cricket.core,5,3,False,False
com.cricket.core.json.JsonTest#quotesAreEscapedOnWrite,JsonTest,quotesAreEscapedOnWrite,com.cricket.core,5,3,False,False
com.cricket.core.json.JsonTest#newlinesAreEscapedOnWrite,JsonTest,newlinesAreEscapedOnWrite,com.cricket.core,5,3,False,False
com.cricket.core.json.JsonTest#controlCharactersAreEscapedOnWrite,JsonTest,controlCharactersAreEscapedOnWrite,com.cricket.core,5,3,False,False
com.cricket.core.json.JsonTest#wholeDoublesLoseTheTrailingZero,JsonTest,wholeDoublesLoseTheTrailingZero,com.cricket.core,5,3,False,False
com.cricket.core.json.JsonTest#fractionalDoublesKeepTheirDecimals,JsonTest,fractionalDoublesKeepTheirDecimals,com.cricket.core,5,3,False,False
com.cricket.core.json.JsonTest#integersAreWrittenPlainly,JsonTest,integersAreWrittenPlainly,com.cricket.core,5,3,False,False
com.cricket.core.json.JsonTest#nullIsWritten,JsonTest,nullIsWritten,com.cricket.core,5,3,False,False
com.cricket.core.json.JsonTest#booleansAreWritten,JsonTest,booleansAreWritten,com.cricket.core,5,3,False,False
com.cricket.core.json.JsonTest#anObjectIsBuiltAndWritten,JsonTest,anObjectIsBuiltAndWritten,com.cricket.core,5,3,False,False
com.cricket.core.json.JsonTest#anArrayIsBuiltAndWritten,JsonTest,anArrayIsBuiltAndWritten,com.cricket.core,5,3,False,False
com.cricket.core.json.JsonTest#nestedValuesAreUnwrappedOnPut,JsonTest,nestedValuesAreUnwrappedOnPut,com.cricket.core,5,3,False,False
com.cricket.core.json.JsonTest#aBuiltDocumentRoundTrips,JsonTest,aBuiltDocumentRoundTrips,com.cricket.core,5,3,False,False
com.cricket.core.json.JsonTest#optStringFallsBackWhenAbsent,JsonTest,optStringFallsBackWhenAbsent,com.cricket.core,5,3,False,False
com.cricket.core.json.JsonTest#optStringFallsBackOnTheWrongType,JsonTest,optStringFallsBackOnTheWrongType,com.cricket.core,5,3,False,False
com.cricket.core.json.JsonTest#optStringReadsAPresentMember,JsonTest,optStringReadsAPresentMember,com.cricket.core,5,3,False,False
com.cricket.core.json.JsonTest#optIntFallsBackWhenAbsent,JsonTest,optIntFallsBackWhenAbsent,com.cricket.core,5,3,False,False
com.cricket.core.json.JsonTest#optIntReadsAPresentMember,JsonTest,optIntReadsAPresentMember,com.cricket.core,5,3,False,False
com.cricket.core.json.JsonTest#theTypeNameIsReported,JsonTest,theTypeNameIsReported,com.cricket.core,5,3,False,False
com.cricket.core.json.JsonTest#nullInputIsRejected,JsonTest,nullInputIsRejected,com.cricket.core,5,3,False,False
com.cricket.core.json.JsonTest#trailingContentIsRejected,JsonTest,trailingContentIsRejected,com.cricket.core,5,4,False,False
com.cricket.core.json.JsonTest#anUnterminatedObjectIsRejected,JsonTest,anUnterminatedObjectIsRejected,com.cricket.core,5,3,False,False
com.cricket.core.json.JsonTest#anUnterminatedArrayIsRejected,JsonTest,anUnterminatedArrayIsRejected,com.cricket.core,5,3,False,False
com.cricket.core.json.JsonTest#anUnterminatedStringIsRejected,JsonTest,anUnterminatedStringIsRejected,com.cricket.core,5,4,False,False
com.cricket.core.json.JsonTest#aMissingColonIsRejected,JsonTest,aMissingColonIsRejected,com.cricket.core,5,3,False,False
com.cricket.core.json.JsonTest#aBadLiteralIsRejected,JsonTest,aBadLiteralIsRejected,com.cricket.core,5,4,False,False
com.cricket.core.json.JsonTest#anInvalidEscapeIsRejected,JsonTest,anInvalidEscapeIsRejected,com.cricket.core,5,4,False,False
com.cricket.core.json.JsonTest#aTruncatedUnicodeEscapeIsRejected,JsonTest,aTruncatedUnicodeEscapeIsRejected,com.cricket.core,5,4,False,False
com.cricket.core.json.JsonTest#anInvalidUnicodeEscapeIsRejected,JsonTest,anInvalidUnicodeEscapeIsRejected,com.cricket.core,5,4,False,False
com.cricket.core.json.JsonTest#readingAStringAsANumberIsRejected,JsonTest,readingAStringAsANumberIsRejected,com.cricket.core,5,3,False,False
com.cricket.core.json.JsonTest#readingANumberAsAnObjectIsRejected,JsonTest,readingANumberAsAnObjectIsRejected,com.cricket.core,5,3,False,False
com.cricket.core.json.JsonTest#readingAnObjectAsAnArrayIsRejected,JsonTest,readingAnObjectAsAnArrayIsRejected,com.cricket.core,5,3,False,False
com.cricket.core.json.JsonTest#anOutOfRangeIndexIsRejected,JsonTest,anOutOfRangeIndexIsRejected,com.cricket.core,5,4,False,False
com.cricket.core.json.JsonTest#aScalarHasNoSize,JsonTest,aScalarHasNoSize,com.cricket.core,5,3,False,False
com.cricket.core.json.JsonTest#nonFiniteNumbersCannotBeWritten,JsonTest,nonFiniteNumbersCannotBeWritten,com.cricket.core,5,3,False,False
com.cricket.core.json.JsonTest#theExceptionCarriesAPosition,JsonTest,theExceptionCarriesAPosition,com.cricket.core,5,3,False,False
com.cricket.core.json.JsonTest#aRealisticScorecardRoundTrips,JsonTest,aRealisticScorecardRoundTrips,com.cricket.core,5,3,False,False
com.cricket.core.model.BallTest#theAddressCombinesOverAndBall,BallTest,theAddressCombinesOverAndBall,com.cricket.core,5,4,False,False
com.cricket.core.model.BallTest#theFirstDeliveryOfAMatchIsZeroOne,BallTest,theFirstDeliveryOfAMatchIsZeroOne,com.cricket.core,5,4,False,False
com.cricket.core.model.BallTest#aPlainDeliveryHasNoExtra,BallTest,aPlainDeliveryHasNoExtra,com.cricket.core,5,4,False,False
com.cricket.core.model.BallTest#aPlainDeliveryIsNotAWicket,BallTest,aPlainDeliveryIsNotAWicket,com.cricket.core,5,4,False,False
com.cricket.core.model.BallTest#aPlainDeliveryIsLegal,BallTest,aPlainDeliveryIsLegal,com.cricket.core,5,4,False,False
com.cricket.core.model.BallTest#aWideIsNotALegalDelivery,BallTest,aWideIsNotALegalDelivery,com.cricket.core,5,4,False,False
com.cricket.core.model.BallTest#aNoBallIsNotALegalDelivery,BallTest,aNoBallIsNotALegalDelivery,com.cricket.core,5,4,False,False
com.cricket.core.model.BallTest#aByeIsALegalDelivery,BallTest,aByeIsALegalDelivery,com.cricket.core,5,4,False,False
com.cricket.core.model.BallTest#totalRunsAreRunsOffTheBatWhenThereAreNoExtras,BallTest,totalRunsAreRunsOffTheBatWhenThereAreNoExtras,com.cricket.core,5,4,False,False
com.cricket.core.model.BallTest#aWideCarriesOnePenaltyRun,BallTest,aWideCarriesOnePenaltyRun,com.cricket.core,5,4,False,False
com.cricket.core.model.BallTest#aWideToTheBoundaryCarriesFivePenaltyRuns,BallTest,aWideToTheBoundaryCarriesFivePenaltyRuns,com.cricket.core,5,4,False,False
com.cricket.core.model.BallTest#aNoBallHitForSixIsSevenRuns,BallTest,aNoBallHitForSixIsSevenRuns,com.cricket.core,5,4,False,False
com.cricket.core.model.BallTest#byesCarryNoPenalty,BallTest,byesCarryNoPenalty,com.cricket.core,5,4,False,False
com.cricket.core.model.BallTest#extraRunsAreZeroWithoutAnExtra,BallTest,extraRunsAreZeroWithoutAnExtra,com.cricket.core,5,4,False,False
com.cricket.core.model.BallTest#extraRunsIncludeThePenalty,BallTest,extraRunsIncludeThePenalty,com.cricket.core,5,4,False,False
com.cricket.core.model.BallTest#runsOffTheBatAreChargedToTheBowler,BallTest,runsOffTheBatAreChargedToTheBowler,com.cricket.core,5,4,False,False
com.cricket.core.model.BallTest#aWideIsChargedToTheBowler,BallTest,aWideIsChargedToTheBowler,com.cricket.core,5,4,False,False
com.cricket.core.model.BallTest#byesAreNotChargedToTheBowler,BallTest,byesAreNotChargedToTheBowler,com.cricket.core,5,4,False,False
com.cricket.core.model.BallTest#legByesAreNotChargedToTheBowler,BallTest,legByesAreNotChargedToTheBowler,com.cricket.core,5,4,False,False
com.cricket.core.model.BallTest#aNoBallHitForFourChargesFiveToTheBowler,BallTest,aNoBallHitForFourChargesFiveToTheBowler,com.cricket.core,5,4,False,False
com.cricket.core.model.BallTest#aWicketIsCarried,BallTest,aWicketIsCarried,com.cricket.core,5,4,False,False
com.cricket.core.model.BallTest#theBuilderRoundTrips,BallTest,theBuilderRoundTrips,com.cricket.core,5,4,False,False
com.cricket.core.model.BallTest#theBuilderCanAmendASingleField,BallTest,theBuilderCanAmendASingleField,com.cricket.core,5,4,False,False
com.cricket.core.model.BallTest#identicalDeliveriesAreEqual,BallTest,identicalDeliveriesAreEqual,com.cricket.core,5,3,False,False
com.cricket.core.model.BallTest#identicalDeliveriesShareAHashCode,BallTest,identicalDeliveriesShareAHashCode,com.cricket.core,5,4,False,False
com.cricket.core.model.BallTest#deliveriesWithDifferentRunsAreNotEqual,BallTest,deliveriesWithDifferentRunsAreNotEqual,com.cricket.core,5,4,False,False
com.cricket.core.model.BallTest#aBallIsNotEqualToAnUnrelatedObject,BallTest,aBallIsNotEqualToAnUnrelatedObject,com.cricket.core,5,4,False,False
com.cricket.core.model.BallTest#aBallEqualsItself,BallTest,aBallEqualsItself,com.cricket.core,5,4,False,False
com.cricket.core.model.BallTest#theTimestampIsCarried,BallTest,theTimestampIsCarried,com.cricket.core,5,2,False,False
com.cricket.core.model.BallTest#toStringLeadsWithTheAddress,BallTest,toStringLeadsWithTheAddress,com.cricket.core,5,4,False,False
com.cricket.core.model.BallTest#toStringMarksAWicket,BallTest,toStringMarksAWicket,com.cricket.core,5,4,False,False
com.cricket.core.model.BallTest#aBallWithoutABowlerIsRejected,BallTest,aBallWithoutABowlerIsRejected,com.cricket.core,5,4,False,False
com.cricket.core.model.BallTest#aBallWithoutAStrikerIsRejected,BallTest,aBallWithoutAStrikerIsRejected,com.cricket.core,5,4,False,False
com.cricket.core.model.BallTest#aBallWithoutANonStrikerIsRejected,BallTest,aBallWithoutANonStrikerIsRejected,com.cricket.core,5,4,False,False
com.cricket.core.model.BallTest#aNegativeExtraIsRejected,BallTest,aNegativeExtraIsRejected,com.cricket.core,5,4,False,False
com.cricket.core.model.BallTest#aNullExtraTypeIsRejected,BallTest,aNullExtraTypeIsRejected,com.cricket.core,5,4,False,False
com.cricket.core.model.BallTest#extrasOfTheSameKindAreEqual,BallTest,extrasOfTheSameKindAreEqual,com.cricket.core,5,4,False,False
com.cricket.core.model.BallTest#extrasOfDifferentKindsAreNotEqual,BallTest,extrasOfDifferentKindsAreNotEqual,com.cricket.core,5,4,False,False
com.cricket.core.model.BallTest#anExtraCanBeBuiltWithoutRuns,BallTest,anExtraCanBeBuiltWithoutRuns,com.cricket.core,5,4,False,False
com.cricket.core.model.MatchTest#aNewMatchIsScheduled,MatchTest,aNewMatchIsScheduled,com.cricket.core,5,4,False,False
com.cricket.core.model.MatchTest#aNewMatchHasNoInnings,MatchTest,aNewMatchHasNoInnings,com.cricket.core,5,4,False,False
com.cricket.core.model.MatchTest#aTeamCannotPlayItself,MatchTest,aTeamCannotPlayItself,com.cricket.core,5,4,False,False
com.cricket.core.model.MatchTest#aBlankMatchIdIsRejected,MatchTest,aBlankMatchIdIsRejected,com.cricket.core,5,4,False,False
com.cricket.core.model.MatchTest#aNullFormatIsRejected,MatchTest,aNullFormatIsRejected,com.cricket.core,5,4,False,False
com.cricket.core.model.MatchTest#anUnknownVenueFallsBack,MatchTest,anUnknownVenueFallsBack,com.cricket.core,5,4,False,False
com.cricket.core.model.MatchTest#recordingTheTossAdvancesTheState,MatchTest,recordingTheTossAdvancesTheState,com.cricket.core,5,4,False,False
com.cricket.core.model.MatchTest#aTossWinnerOutsideTheMatchIsRejected,MatchTest,aTossWinnerOutsideTheMatchIsRejected,com.cricket.core,5,4,False,False
com.cricket.core.model.MatchTest#theOpponentOfEachSideIsTheOther,MatchTest,theOpponentOfEachSideIsTheOther,com.cricket.core,5,4,False,False
com.cricket.core.model.MatchTest#theOpponentOfAnOutsideTeamIsRejected,MatchTest,theOpponentOfAnOutsideTeamIsRejected,com.cricket.core,5,4,False,False
com.cricket.core.model.MatchTest#bothSidesAreInvolved,MatchTest,bothSidesAreInvolved,com.cricket.core,5,4,False,False
com.cricket.core.model.MatchTest#aT20InningsInheritsTheTwentyOverLimit,MatchTest,aT20InningsInheritsTheTwentyOverLimit,com.cricket.core,5,4,False,False
com.cricket.core.model.MatchTest#aTestInningsHasNoOverLimit,MatchTest,aTestInningsHasNoOverLimit,com.cricket.core,5,4,False,False
com.cricket.core.model.MatchTest#inningsAreNumberedFromOne,MatchTest,inningsAreNumberedFromOne,com.cricket.core,5,3,False,False
com.cricket.core.model.MatchTest#inningsAreFoundByNumber,MatchTest,inningsAreFoundByNumber,com.cricket.core,5,4,False,False
com.cricket.core.model.MatchTest#theCurrentInningsIsTheLatest,MatchTest,theCurrentInningsIsTheLatest,com.cricket.core,5,4,False,False
com.cricket.core.model.MatchTest#aggregateRunsSumEveryInnings,MatchTest,aggregateRunsSumEveryInnings,com.cricket.core,5,4,False,False
com.cricket.core.model.MatchTest#matchesAreEqualById,MatchTest,matchesAreEqualById,com.cricket.core,5,4,False,False
com.cricket.core.model.MatchTest#theDirtyFlagStartsClear,MatchTest,theDirtyFlagStartsClear,com.cricket.core,5,4,False,False
com.cricket.core.model.MatchTest#theDirtyFlagCanBeSetAndCleared,MatchTest,theDirtyFlagCanBeSetAndCleared,com.cricket.core,5,4,False,False
com.cricket.core.model.MatchTest#onlyInProgressAcceptsDeliveries,MatchTest,onlyInProgressAcceptsDeliveries,com.cricket.core,5,4,False,False
com.cricket.core.model.MatchTest#completedAndAbandonedAreTerminal,MatchTest,completedAndAbandonedAreTerminal,com.cricket.core,5,4,False,False
com.cricket.core.model.MatchTest#aTerminalStateAcceptsNoTransition,MatchTest,aTerminalStateAcceptsNoTransition,com.cricket.core,5,4,False,False
com.cricket.core.model.MatchTest#aStateCannotTransitionToItself,MatchTest,aStateCannotTransitionToItself,com.cricket.core,5,4,False,False
com.cricket.core.model.MatchTest#aNullTransitionIsRejected,MatchTest,aNullTransitionIsRejected,com.cricket.core,5,4,False,False
com.cricket.core.model.MatchTest#rainDelayCanResume,MatchTest,rainDelayCanResume,com.cricket.core,5,4,False,False
com.cricket.core.model.MatchTest#anyLiveStateCanBeAbandoned,MatchTest,anyLiveStateCanBeAbandoned,com.cricket.core,5,4,False,False
com.cricket.core.model.MatchTest#anIllegalTransitionIsRejected,MatchTest,anIllegalTransitionIsRejected,com.cricket.core,5,4,False,False
com.cricket.core.model.MatchTest#aLegalTransitionSequenceIsAccepted,MatchTest,aLegalTransitionSequenceIsAccepted,com.cricket.core,5,4,False,False
com.cricket.core.model.MatchTest#openingAnInningsSeatsBothBatters,MatchTest,openingAnInningsSeatsBothBatters,com.cricket.core,5,4,False,False
com.cricket.core.model.MatchTest#openingCreatesTheFirstPartnership,MatchTest,openingCreatesTheFirstPartnership,com.cricket.core,5,4,False,False
com.cricket.core.model.MatchTest#openingWithTheSameBatterTwiceIsRejected,MatchTest,openingWithTheSameBatterTwiceIsRejected,com.cricket.core,5,4,False,False
com.cricket.core.model.MatchTest#rotatingStrikeSwapsTheBatters,MatchTest,rotatingStrikeSwapsTheBatters,com.cricket.core,5,4,False,False
com.cricket.core.model.MatchTest#aDismissedStrikerIsReplaced,MatchTest,aDismissedStrikerIsReplaced,com.cricket.core,5,4,False,False
com.cricket.core.model.MatchTest#aDismissedNonStrikerIsReplaced,MatchTest,aDismissedNonStrikerIsReplaced,com.cricket.core,5,4,False,False
com.cricket.core.model.MatchTest#replacingABatterWhoIsNotAtTheCreaseIsRejected,MatchTest,replacingABatterWhoIsNotAtTheCreaseIsRejected,com.cricket.core,5,4,False,False
com.cricket.core.model.MatchTest#ballsRemainingCountDownFromTheLimit,MatchTest,ballsRemainingCountDownFromTheLimit,com.cricket.core,5,4,False,False
com.cricket.core.model.MatchTest#anUnlimitedInningsHasNoBallsRemaining,MatchTest,anUnlimitedInningsHasNoBallsRemaining,com.cricket.core,5,4,False,False
com.cricket.core.model.MatchTest#runsRequiredAreMinusOneOutsideAChase,MatchTest,runsRequiredAreMinusOneOutsideAChase,com.cricket.core,5,4,False,False
com.cricket.core.model.MatchTest#runsRequiredCountDownTowardsTheTarget,MatchTest,runsRequiredCountDownTowardsTheTarget,com.cricket.core,5,4,False,False
com.cricket.core.model.MatchTest#runsRequiredNeverGoNegative,MatchTest,runsRequiredNeverGoNegative,com.cricket.core,5,4,False,False
com.cricket.core.model.MatchTest#theRequiredRateReflectsTheChase,MatchTest,theRequiredRateReflectsTheChase,com.cricket.core,5,2,False,False
com.cricket.core.model.MatchTest#thereIsNoRequiredRateOutsideAChase,MatchTest,thereIsNoRequiredRateOutsideAChase,com.cricket.core,5,2,False,False
com.cricket.core.model.MatchTest#anInningsEndsWhenAllOut,MatchTest,anInningsEndsWhenAllOut,com.cricket.core,5,4,False,False
com.cricket.core.model.MatchTest#anInningsEndsAtTheOverLimit,MatchTest,anInningsEndsAtTheOverLimit,com.cricket.core,5,4,False,False
com.cricket.core.model.MatchTest#aClosedInningsIsComplete,MatchTest,aClosedInningsIsComplete,com.cricket.core,5,4,False,False
com.cricket.core.model.MatchTest#anInningsCannotHaveTheSameTeamBattingAndBowling,MatchTest,anInningsCannotHaveTheSameTeamBattingAndBowling,com.cricket.core,5,4,False,False
com.cricket.core.model.MatchTest#anOverTalliesItsRuns,MatchTest,anOverTalliesItsRuns,com.cricket.core,5,4,False,False
com.cricket.core.model.MatchTest#anOverIsCompleteAfterSixLegalBalls,MatchTest,anOverIsCompleteAfterSixLegalBalls,com.cricket.core,5,4,False,False
com.cricket.core.model.MatchTest#aWideDoesNotAdvanceTheOver,MatchTest,aWideDoesNotAdvanceTheOver,com.cricket.core,5,4,False,False
com.cricket.core.model.MatchTest#theOverSequenceRendersDotsAndRuns,MatchTest,theOverSequenceRendersDotsAndRuns,com.cricket.core,5,4,False,False
com.cricket.core.model.MatchTest#anOverWithoutABowlerIsRejected,MatchTest,anOverWithoutABowlerIsRejected,com.cricket.core,5,4,False,False
com.cricket.core.model.MatchTest#aNegativeOverNumberIsRejected,MatchTest,aNegativeOverNumberIsRejected,com.cricket.core,5,4,False,False
com.cricket.core.model.MatchTest#aPartnershipAccumulatesRunsAndBalls,MatchTest,aPartnershipAccumulatesRunsAndBalls,com.cricket.core,5,4,False,False
com.cricket.core.model.MatchTest#aPartnershipKnowsItsBatters,MatchTest,aPartnershipKnowsItsBatters,com.cricket.core,5,4,False,False
com.cricket.core.model.MatchTest#aBrokenPartnershipIsMarked,MatchTest,aBrokenPartnershipIsMarked,com.cricket.core,5,4,False,False
com.cricket.core.model.MatchTest#aPartnershipNeedsTwoDistinctBatters,MatchTest,aPartnershipNeedsTwoDistinctBatters,com.cricket.core,5,4,False,False
com.cricket.core.model.MatchTest#aPartnershipRunRateIsPerOver,MatchTest,aPartnershipRunRateIsPerOver,com.cricket.core,5,2,False,False
com.cricket.core.model.SquadTest#aShortNameIsDerivedFromTheFullName,SquadTest,aShortNameIsDerivedFromTheFullName,com.cricket.core,5,4,False,False
com.cricket.core.model.SquadTest#aThreePartNameKeepsTheSurname,SquadTest,aThreePartNameKeepsTheSurname,com.cricket.core,5,4,False,False
com.cricket.core.model.SquadTest#aSingleWordNameIsLeftAlone,SquadTest,aSingleWordNameIsLeftAlone,com.cricket.core,5,4,False,False
com.cricket.core.model.SquadTest#anExplicitShortNameWins,SquadTest,anExplicitShortNameWins,com.cricket.core,5,4,False,False
com.cricket.core.model.SquadTest#aBlankShortNameFallsBackToTheDerivedOne,SquadTest,aBlankShortNameFallsBackToTheDerivedOne,com.cricket.core,5,4,False,False
com.cricket.core.model.SquadTest#aBlankPlayerIdIsRejected,SquadTest,aBlankPlayerIdIsRejected,com.cricket.core,5,4,False,False
com.cricket.core.model.SquadTest#aBlankFullNameIsRejected,SquadTest,aBlankFullNameIsRejected,com.cricket.core,5,4,False,False
com.cricket.core.model.SquadTest#aNullRoleIsRejected,SquadTest,aNullRoleIsRejected,com.cricket.core,5,4,False,False
com.cricket.core.model.SquadTest#playersAreEqualById,SquadTest,playersAreEqualById,com.cricket.core,5,4,False,False
com.cricket.core.model.SquadTest#playersWithDifferentIdsAreNotEqual,SquadTest,playersWithDifferentIdsAreNotEqual,com.cricket.core,5,4,False,False
com.cricket.core.model.SquadTest#aPlayerIsNotEqualToAnUnrelatedObject,SquadTest,aPlayerIsNotEqualToAnUnrelatedObject,com.cricket.core,5,4,False,False
com.cricket.core.model.SquadTest#bowlersCanBowl,SquadTest,bowlersCanBowl,com.cricket.core,5,4,False,False
com.cricket.core.model.SquadTest#specialistBattersDoNotBowl,SquadTest,specialistBattersDoNotBowl,com.cricket.core,5,4,False,False
com.cricket.core.model.SquadTest#keepersCountAsSpecialistBatters,SquadTest,keepersCountAsSpecialistBatters,com.cricket.core,5,4,False,False
com.cricket.core.model.SquadTest#aSquadIsElevenStrong,SquadTest,aSquadIsElevenStrong,com.cricket.core,5,4,False,False
com.cricket.core.model.SquadTest#aPlayerIsFoundById,SquadTest,aPlayerIsFoundById,com.cricket.core,5,4,False,False
com.cricket.core.model.SquadTest#anUnknownPlayerIsNotFound,SquadTest,anUnknownPlayerIsNotFound,com.cricket.core,5,4,False,False
com.cricket.core.model.SquadTest#membershipIsTestable,SquadTest,membershipIsTestable,com.cricket.core,5,4,False,False
com.cricket.core.model.SquadTest#battingPositionIsOneBased,SquadTest,battingPositionIsOneBased,com.cricket.core,5,4,False,False
com.cricket.core.model.SquadTest#positionZeroIsOutOfRange,SquadTest,positionZeroIsOutOfRange,com.cricket.core,5,4,False,False
com.cricket.core.model.SquadTest#positionTwelveIsOutOfRange,SquadTest,positionTwelveIsOutOfRange,com.cricket.core,5,4,False,False
com.cricket.core.model.SquadTest#bowlersAreListed,SquadTest,bowlersAreListed,com.cricket.core,5,4,False,False
com.cricket.core.model.SquadTest#everyListedBowlerCanBowl,SquadTest,everyListedBowlerCanBowl,com.cricket.core,5,4,False,False
com.cricket.core.model.SquadTest#theSquadIsReadOnly,SquadTest,theSquadIsReadOnly,com.cricket.core,5,4,False,False
com.cricket.core.model.SquadTest#anEmptySquadIsRejected,SquadTest,anEmptySquadIsRejected,com.cricket.core,5,4,False,False
com.cricket.core.model.SquadTest#aNullSquadIsRejected,SquadTest,aNullSquadIsRejected,com.cricket.core,5,4,False,False
com.cricket.core.model.SquadTest#aBlankTeamIdIsRejected,SquadTest,aBlankTeamIdIsRejected,com.cricket.core,5,4,False,False
com.cricket.core.model.SquadTest#aBlankTeamNameIsRejected,SquadTest,aBlankTeamNameIsRejected,com.cricket.core,5,4,False,False
com.cricket.core.model.SquadTest#aDuplicatePlayerInTheSquadIsRejected,SquadTest,aDuplicatePlayerInTheSquadIsRejected,com.cricket.core,5,4,False,False
com.cricket.core.model.SquadTest#teamsAreEqualById,SquadTest,teamsAreEqualById,com.cricket.core,5,4,False,False
com.cricket.core.model.SquadTest#differentTeamsAreNotEqual,SquadTest,differentTeamsAreNotEqual,com.cricket.core,5,4,False,False
com.cricket.core.model.SquadTest#teamsShareAHashCodeById,SquadTest,teamsShareAHashCodeById,com.cricket.core,5,4,False,False
com.cricket.core.model.SquadTest#theSquadOrderIsTheBattingOrder,SquadTest,theSquadOrderIsTheBattingOrder,com.cricket.core,5,4,False,False
com.cricket.core.model.SquadTest#toStringCarriesTheNameAndSize,SquadTest,toStringCarriesTheNameAndSize,com.cricket.core,5,4,False,False
com.cricket.core.model.SquadTest#aPlayerToStringCarriesTheShortNameAndId,SquadTest,aPlayerToStringCarriesTheShortNameAndId,com.cricket.core,5,4,False,False
com.cricket.core.registry.RegistryTest#theRegistryIsASingleton,RegistryTest,theRegistryIsASingleton,com.cricket.core,5,4,False,False
com.cricket.core.registry.RegistryTest#aRegisteredMatchIsFound,RegistryTest,aRegisteredMatchIsFound,com.cricket.core,5,4,False,False
com.cricket.core.registry.RegistryTest#anUnregisteredMatchIsNotFound,RegistryTest,anUnregisteredMatchIsNotFound,com.cricket.core,5,4,False,False
com.cricket.core.registry.RegistryTest#requireReturnsARegisteredMatch,RegistryTest,requireReturnsARegisteredMatch,com.cricket.core,5,4,False,False
com.cricket.core.registry.RegistryTest#requireRaisesForAnUnknownMatch,RegistryTest,requireRaisesForAnUnknownMatch,com.cricket.core,5,4,False,False
com.cricket.core.registry.RegistryTest#registeringNullIsRejected,RegistryTest,registeringNullIsRejected,com.cricket.core,5,4,False,False
com.cricket.core.registry.RegistryTest#registeringTracksTheCount,RegistryTest,registeringTracksTheCount,com.cricket.core,5,4,False,False
com.cricket.core.registry.RegistryTest#reRegisteringTheSameIdReplacesIt,RegistryTest,reRegisteringTheSameIdReplacesIt,com.cricket.core,5,4,False,False
com.cricket.core.registry.RegistryTest#containsTracksMembership,RegistryTest,containsTracksMembership,com.cricket.core,5,4,False,False
com.cricket.core.registry.RegistryTest#aMatchCanBeRemoved,RegistryTest,aMatchCanBeRemoved,com.cricket.core,5,4,False,False
com.cricket.core.registry.RegistryTest#removingAnUnknownMatchYieldsNull,RegistryTest,removingAnUnknownMatchYieldsNull,com.cricket.core,5,4,False,False
com.cricket.core.registry.RegistryTest#allListsEveryMatch,RegistryTest,allListsEveryMatch,com.cricket.core,5,4,False,False
com.cricket.core.registry.RegistryTest#matchesAreFilteredByTeam,RegistryTest,matchesAreFilteredByTeam,com.cricket.core,5,4,False,False
com.cricket.core.registry.RegistryTest#onlyInProgressMatchesAreLive,RegistryTest,onlyInProgressMatchesAreLive,com.cricket.core,5,4,False,False
com.cricket.core.registry.RegistryTest#resetEmptiesTheRegistry,RegistryTest,resetEmptiesTheRegistry,com.cricket.core,5,0,False,False
com.cricket.core.registry.RegistryTest#theDirectoryIsASingleton,RegistryTest,theDirectoryIsASingleton,com.cricket.core,5,4,False,False
com.cricket.core.registry.RegistryTest#aFreshDirectoryIsEmpty,RegistryTest,aFreshDirectoryIsEmpty,com.cricket.core,5,4,False,False
com.cricket.core.registry.RegistryTest#importingASquadPopulatesTheDirectory,RegistryTest,importingASquadPopulatesTheDirectory,com.cricket.core,5,4,False,False
com.cricket.core.registry.RegistryTest#importingANullSquadIsRejected,RegistryTest,importingANullSquadIsRejected,com.cricket.core,5,4,False,False
com.cricket.core.registry.RegistryTest#aPlayerIsResolvedById,RegistryTest,aPlayerIsResolvedById,com.cricket.core,5,4,False,False
com.cricket.core.registry.RegistryTest#aPlayerIsResolvedByShortName,RegistryTest,aPlayerIsResolvedByShortName,com.cricket.core,5,4,False,False
com.cricket.core.registry.RegistryTest#shortNameLookupIgnoresCase,RegistryTest,shortNameLookupIgnoresCase,com.cricket.core,5,4,False,False
com.cricket.core.registry.RegistryTest#anUnimportedShortNameIsNotFound,RegistryTest,anUnimportedShortNameIsNotFound,com.cricket.core,5,4,False,False
com.cricket.core.registry.RegistryTest#requireRaisesForAnUnimportedShortName,RegistryTest,requireRaisesForAnUnimportedShortName,com.cricket.core,5,4,False,False
com.cricket.core.registry.RegistryTest#aSinglePlayerCanBeAdded,RegistryTest,aSinglePlayerCanBeAdded,com.cricket.core,5,4,False,False
com.cricket.core.registry.RegistryTest#addingANullPlayerIsRejected,RegistryTest,addingANullPlayerIsRejected,com.cricket.core,5,4,False,False
com.cricket.core.registry.RegistryTest#searchMatchesOnAFragment,RegistryTest,searchMatchesOnAFragment,com.cricket.core,5,4,False,False
com.cricket.core.registry.RegistryTest#searchMatchesSeveralPlayers,RegistryTest,searchMatchesSeveralPlayers,com.cricket.core,5,4,False,False
com.cricket.core.registry.RegistryTest#anEmptySearchYieldsNothing,RegistryTest,anEmptySearchYieldsNothing,com.cricket.core,5,4,False,False
com.cricket.core.registry.RegistryTest#clearEmptiesTheDirectory,RegistryTest,clearEmptiesTheDirectory,com.cricket.core,5,0,False,False
com.cricket.core.registry.RegistryTest#twoSquadsBothLand,RegistryTest,twoSquadsBothLand,com.cricket.core,5,4,False,False
com.cricket.core.registry.RegistryTest#theRulesStartAtTheirDefaults,RegistryTest,theRulesStartAtTheirDefaults,com.cricket.core,5,3,False,False
com.cricket.core.registry.RegistryTest#changingARuleLeavesTheDefaults,RegistryTest,changingARuleLeavesTheDefaults,com.cricket.core,5,4,False,False
com.cricket.core.registry.RegistryTest#reloadingRestoresTheDefaults,RegistryTest,reloadingRestoresTheDefaults,com.cricket.core,5,1,False,False
com.cricket.core.registry.RegistryTest#testFormatDefaultsDisableTheFreeHit,RegistryTest,testFormatDefaultsDisableTheFreeHit,com.cricket.core,5,4,False,False
com.cricket.core.registry.RegistryTest#t20FormatDefaultsEnableTheFreeHit,RegistryTest,t20FormatDefaultsEnableTheFreeHit,com.cricket.core,5,4,False,False
com.cricket.core.registry.RegistryTest#aNullFormatIsRejected,RegistryTest,aNullFormatIsRejected,com.cricket.core,5,4,False,False
com.cricket.core.registry.RegistryTest#zeroBallsPerOverIsRejected,RegistryTest,zeroBallsPerOverIsRejected,com.cricket.core,5,4,False,False
com.cricket.core.registry.RegistryTest#thirteenBallsPerOverIsRejected,RegistryTest,thirteenBallsPerOverIsRejected,com.cricket.core,5,4,False,False
com.cricket.core.registry.RegistryTest#aNegativeWidePenaltyIsRejected,RegistryTest,aNegativeWidePenaltyIsRejected,com.cricket.core,5,4,False,False
com.cricket.core.registry.RegistryTest#aNegativeNoBallPenaltyIsRejected,RegistryTest,aNegativeNoBallPenaltyIsRejected,com.cricket.core,5,4,False,False
com.cricket.core.registry.RegistryTest#theRulesDescribeThemselves,RegistryTest,theRulesDescribeThemselves,com.cricket.core,5,4,False,False
com.cricket.core.scorecard.BattingLineTest#aNewLineIsBlank,BattingLineTest,aNewLineIsBlank,com.cricket.core,5,3,False,False
com.cricket.core.scorecard.BattingLineTest#thePlayerIdIsRetained,BattingLineTest,thePlayerIdIsRetained,com.cricket.core,5,4,False,False
com.cricket.core.scorecard.BattingLineTest#aBlankPlayerIdIsRejected,BattingLineTest,aBlankPlayerIdIsRejected,com.cricket.core,5,4,False,False
com.cricket.core.scorecard.BattingLineTest#aNullPlayerIdIsRejected,BattingLineTest,aNullPlayerIdIsRejected,com.cricket.core,5,4,False,False
com.cricket.core.scorecard.BattingLineTest#runsAccumulate,BattingLineTest,runsAccumulate,com.cricket.core,5,4,False,False
com.cricket.core.scorecard.BattingLineTest#aFourIsCounted,BattingLineTest,aFourIsCounted,com.cricket.core,5,3,False,False
com.cricket.core.scorecard.BattingLineTest#aSixIsCounted,BattingLineTest,aSixIsCounted,com.cricket.core,5,4,False,False
com.cricket.core.scorecard.BattingLineTest#threeRunsRunAreNotABoundary,BattingLineTest,threeRunsRunAreNotABoundary,com.cricket.core,5,4,False,False
com.cricket.core.scorecard.BattingLineTest#addingZeroRunsIsAllowed,BattingLineTest,addingZeroRunsIsAllowed,com.cricket.core,5,4,False,False
com.cricket.core.scorecard.BattingLineTest#negativeRunsAreRejected,BattingLineTest,negativeRunsAreRejected,com.cricket.core,5,4,False,False
com.cricket.core.scorecard.BattingLineTest#ballsFacedAccumulate,BattingLineTest,ballsFacedAccumulate,com.cricket.core,5,0,False,False
com.cricket.core.scorecard.BattingLineTest#strikeRateIsZeroBeforeFacingABall,BattingLineTest,strikeRateIsZeroBeforeFacingABall,com.cricket.core,5,2,False,False
com.cricket.core.scorecard.BattingLineTest#strikeRateIsRunsPerHundredBalls,BattingLineTest,strikeRateIsRunsPerHundredBalls,com.cricket.core,5,2,False,False
com.cricket.core.scorecard.BattingLineTest#aRunABallIsAStrikeRateOfOneHundred,BattingLineTest,aRunABallIsAStrikeRateOfOneHundred,com.cricket.core,5,2,False,False
com.cricket.core.scorecard.BattingLineTest#boundaryRunsCountFoursAndSixes,BattingLineTest,boundaryRunsCountFoursAndSixes,com.cricket.core,5,4,False,False
com.cricket.core.scorecard.BattingLineTest#boundaryRunsAreZeroWithoutBoundaries,BattingLineTest,boundaryRunsAreZeroWithoutBoundaries,com.cricket.core,5,4,False,False
com.cricket.core.scorecard.BattingLineTest#markingOutRecordsTheDismissal,BattingLineTest,markingOutRecordsTheDismissal,com.cricket.core,5,4,False,False
com.cricket.core.scorecard.BattingLineTest#aBowlerIsCreditedForABowledDismissal,BattingLineTest,aBowlerIsCreditedForABowledDismissal,com.cricket.core,5,4,False,False
com.cricket.core.scorecard.BattingLineTest#noBowlerIsCreditedForARunOut,BattingLineTest,noBowlerIsCreditedForARunOut,com.cricket.core,5,4,False,False
com.cricket.core.scorecard.BattingLineTest#aMilestoneIsReachedAtTheThreshold,BattingLineTest,aMilestoneIsReachedAtTheThreshold,com.cricket.core,5,4,False,False
com.cricket.core.scorecard.BattingLineTest#aMilestoneIsNotReachedBelowTheThreshold,BattingLineTest,aMilestoneIsNotReachedBelowTheThreshold,com.cricket.core,5,4,False,False
com.cricket.core.scorecard.BattingLineTest#aMilestoneStillCountsWhenExceeded,BattingLineTest,aMilestoneStillCountsWhenExceeded,com.cricket.core,5,4,False,False
com.cricket.core.scorecard.BattingLineTest#anUnbeatenSummaryCarriesAnAsterisk,BattingLineTest,anUnbeatenSummaryCarriesAnAsterisk,com.cricket.core,5,4,False,False
com.cricket.core.scorecard.BattingLineTest#aDismissedSummaryHasNoAsterisk,BattingLineTest,aDismissedSummaryHasNoAsterisk,com.cricket.core,5,4,False,False
com.cricket.core.scorecard.BattingLineTest#aDuckIsRenderedAsZero,BattingLineTest,aDuckIsRenderedAsZero,com.cricket.core,5,4,False,False
com.cricket.core.scorecard.BattingLineTest#toStringLeadsWithThePlayerId,BattingLineTest,toStringLeadsWithThePlayerId,com.cricket.core,5,4,False,False
com.cricket.core.scorecard.BowlingLineTest#aNewLineIsBlank,BowlingLineTest,aNewLineIsBlank,com.cricket.core,5,3,False,False
com.cricket.core.scorecard.BowlingLineTest#thePlayerIdIsRetained,BowlingLineTest,thePlayerIdIsRetained,com.cricket.core,5,4,False,False
com.cricket.core.scorecard.BowlingLineTest#aBlankPlayerIdIsRejected,BowlingLineTest,aBlankPlayerIdIsRejected,com.cricket.core,5,4,False,False
com.cricket.core.scorecard.BowlingLineTest#legalBallsAccumulate,BowlingLineTest,legalBallsAccumulate,com.cricket.core,5,4,False,False
com.cricket.core.scorecard.BowlingLineTest#sixBallsIsOneCompletedOver,BowlingLineTest,sixBallsIsOneCompletedOver,com.cricket.core,5,4,False,False
com.cricket.core.scorecard.BowlingLineTest#twentyTwoBallsIsThreeOversAndFour,BowlingLineTest,twentyTwoBallsIsThreeOversAndFour,com.cricket.core,5,4,False,False
com.cricket.core.scorecard.BowlingLineTest#oversBowledUsesCricketNotation,BowlingLineTest,oversBowledUsesCricketNotation,com.cricket.core,5,4,False,False
com.cricket.core.scorecard.BowlingLineTest#aCompletedOverHasNoPartOver,BowlingLineTest,aCompletedOverHasNoPartOver,com.cricket.core,5,4,False,False
com.cricket.core.scorecard.BowlingLineTest#runsConcededAccumulate,BowlingLineTest,runsConcededAccumulate,com.cricket.core,5,2,False,False
com.cricket.core.scorecard.BowlingLineTest#negativeRunsConcededAreRejected,BowlingLineTest,negativeRunsConcededAreRejected,com.cricket.core,5,4,False,False
com.cricket.core.scorecard.BowlingLineTest#wicketsAccumulate,BowlingLineTest,wicketsAccumulate,com.cricket.core,5,0,False,False
com.cricket.core.scorecard.BowlingLineTest#maidensAccumulate,BowlingLineTest,maidensAccumulate,com.cricket.core,5,4,False,False
com.cricket.core.scorecard.BowlingLineTest#widesAreCounted,BowlingLineTest,widesAreCounted,com.cricket.core,5,4,False,False
com.cricket.core.scorecard.BowlingLineTest#noBallsAreCounted,BowlingLineTest,noBallsAreCounted,com.cricket.core,5,4,False,False
com.cricket.core.scorecard.BowlingLineTest#economyIsZeroBeforeBowling,BowlingLineTest,economyIsZeroBeforeBowling,com.cricket.core,5,2,False,False
com.cricket.core.scorecard.BowlingLineTest#economyIsRunsPerOver,BowlingLineTest,economyIsRunsPerOver,com.cricket.core,5,2,False,False
com.cricket.core.scorecard.BowlingLineTest#economyAccountsForAPartOver,BowlingLineTest,economyAccountsForAPartOver,com.cricket.core,5,4,False,False
com.cricket.core.scorecard.BowlingLineTest#averageIsMinusOneWithoutAWicket,BowlingLineTest,averageIsMinusOneWithoutAWicket,com.cricket.core,5,2,False,False
com.cricket.core.scorecard.BowlingLineTest#averageIsRunsPerWicket,BowlingLineTest,averageIsRunsPerWicket,com.cricket.core,5,2,False,False
com.cricket.core.scorecard.BowlingLineTest#strikeRateIsMinusOneWithoutAWicket,BowlingLineTest,strikeRateIsMinusOneWithoutAWicket,com.cricket.core,5,2,False,False
com.cricket.core.scorecard.BowlingLineTest#strikeRateIsBallsPerWicket,BowlingLineTest,strikeRateIsBallsPerWicket,com.cricket.core,5,2,False,False
com.cricket.core.scorecard.BowlingLineTest#figuresUseTheStandardFormat,BowlingLineTest,figuresUseTheStandardFormat,com.cricket.core,5,4,False,False
com.cricket.core.scorecard.BowlingLineTest#figuresIncludeMaidens,BowlingLineTest,figuresIncludeMaidens,com.cricket.core,5,4,False,False
com.cricket.core.scorecard.BowlingLineTest#wicketlessFiguresEndInZero,BowlingLineTest,wicketlessFiguresEndInZero,com.cricket.core,5,4,False,False
com.cricket.core.scorecard.BowlingLineTest#toStringLeadsWithThePlayerId,BowlingLineTest,toStringLeadsWithThePlayerId,com.cricket.core,5,4,False,False
com.cricket.core.scorecard.ScoreCardTest#aNewCardIsBlank,ScoreCardTest,aNewCardIsBlank,com.cricket.core,5,3,False,False
com.cricket.core.scorecard.ScoreCardTest#theInningsIdIsRetained,ScoreCardTest,theInningsIdIsRetained,com.cricket.core,5,4,False,False
com.cricket.core.scorecard.ScoreCardTest#aBlankInningsIdIsRejected,ScoreCardTest,aBlankInningsIdIsRejected,com.cricket.core,5,4,False,False
com.cricket.core.scorecard.ScoreCardTest#aNullInningsIdIsRejected,ScoreCardTest,aNullInningsIdIsRejected,com.cricket.core,5,4,False,False
com.cricket.core.scorecard.ScoreCardTest#runsAccumulate,ScoreCardTest,runsAccumulate,com.cricket.core,5,0,False,False
com.cricket.core.scorecard.ScoreCardTest#negativeRunsAreRejected,ScoreCardTest,negativeRunsAreRejected,com.cricket.core,5,4,False,False
com.cricket.core.scorecard.ScoreCardTest#wicketsAccumulate,ScoreCardTest,wicketsAccumulate,com.cricket.core,5,0,False,False
com.cricket.core.scorecard.ScoreCardTest#legalBallsAccumulate,ScoreCardTest,legalBallsAccumulate,com.cricket.core,5,4,False,False
com.cricket.core.scorecard.ScoreCardTest#tenWicketsIsAllOut,ScoreCardTest,tenWicketsIsAllOut,com.cricket.core,5,4,False,False
com.cricket.core.scorecard.ScoreCardTest#nineWicketsIsNotAllOut,ScoreCardTest,nineWicketsIsNotAllOut,com.cricket.core,5,4,False,False
com.cricket.core.scorecard.ScoreCardTest#widesAreTallied,ScoreCardTest,widesAreTallied,com.cricket.core,5,4,False,False
com.cricket.core.scorecard.ScoreCardTest#noBallsAreTallied,ScoreCardTest,noBallsAreTallied,com.cricket.core,5,0,False,False
com.cricket.core.scorecard.ScoreCardTest#byesAreTallied,ScoreCardTest,byesAreTallied,com.cricket.core,5,4,False,False
com.cricket.core.scorecard.ScoreCardTest#legByesAreTallied,ScoreCardTest,legByesAreTallied,com.cricket.core,5,4,False,False
com.cricket.core.scorecard.ScoreCardTest#penaltiesAreTallied,ScoreCardTest,penaltiesAreTallied,com.cricket.core,5,4,False,False
com.cricket.core.scorecard.ScoreCardTest#totalExtrasSumsEveryKind,ScoreCardTest,totalExtrasSumsEveryKind,com.cricket.core,5,2,False,False
com.cricket.core.scorecard.ScoreCardTest#extrasAreZeroOnAFreshCard,ScoreCardTest,extrasAreZeroOnAFreshCard,com.cricket.core,5,3,False,False
com.cricket.core.scorecard.ScoreCardTest#sixLegalBallsIsOneOver,ScoreCardTest,sixLegalBallsIsOneOver,com.cricket.core,5,4,False,False
com.cricket.core.scorecard.ScoreCardTest#oversFacedUsesCricketNotation,ScoreCardTest,oversFacedUsesCricketNotation,com.cricket.core,5,2,False,False
com.cricket.core.scorecard.ScoreCardTest#runRateIsZeroBeforeABallIsBowled,ScoreCardTest,runRateIsZeroBeforeABallIsBowled,com.cricket.core,5,2,False,False
com.cricket.core.scorecard.ScoreCardTest#runRateIsRunsPerOver,ScoreCardTest,runRateIsRunsPerOver,com.cricket.core,5,2,False,False
com.cricket.core.scorecard.ScoreCardTest#aBattingLineIsCreatedOnFirstReference,ScoreCardTest,aBattingLineIsCreatedOnFirstReference,com.cricket.core,5,4,False,False
com.cricket.core.scorecard.ScoreCardTest#theSameBattingLineIsReturnedEachTime,ScoreCardTest,theSameBattingLineIsReturnedEachTime,com.cricket.core,5,4,False,False
com.cricket.core.scorecard.ScoreCardTest#aBowlingLineIsCreatedOnFirstReference,ScoreCardTest,aBowlingLineIsCreatedOnFirstReference,com.cricket.core,5,4,False,False
com.cricket.core.scorecard.ScoreCardTest#theSameBowlingLineIsReturnedEachTime,ScoreCardTest,theSameBowlingLineIsReturnedEachTime,com.cricket.core,5,4,False,False
com.cricket.core.scorecard.ScoreCardTest#hasBattedIsFalseUntilReferenced,ScoreCardTest,hasBattedIsFalseUntilReferenced,com.cricket.core,5,4,False,False
com.cricket.core.scorecard.ScoreCardTest#hasBowledIsFalseUntilReferenced,ScoreCardTest,hasBowledIsFalseUntilReferenced,com.cricket.core,5,4,False,False
com.cricket.core.scorecard.ScoreCardTest#battingLinesAreListed,ScoreCardTest,battingLinesAreListed,com.cricket.core,5,4,False,False
com.cricket.core.scorecard.ScoreCardTest#bowlingLinesAreListed,ScoreCardTest,bowlingLinesAreListed,com.cricket.core,5,4,False,False
com.cricket.core.scorecard.ScoreCardTest#theBattingViewIsReadOnly,ScoreCardTest,theBattingViewIsReadOnly,com.cricket.core,5,4,False,False
com.cricket.core.scorecard.ScoreCardTest#theBowlingViewIsReadOnly,ScoreCardTest,theBowlingViewIsReadOnly,com.cricket.core,5,4,False,False
com.cricket.core.scorecard.ScoreCardTest#theSummaryUsesTheStandardFormat,ScoreCardTest,theSummaryUsesTheStandardFormat,com.cricket.core,5,4,False,False
com.cricket.core.scorecard.ScoreCardTest#aBlankCardSummarisesAsZero,ScoreCardTest,aBlankCardSummarisesAsZero,com.cricket.core,5,4,False,False
com.cricket.core.scorecard.ScoreCardTest#toStringLeadsWithTheInningsId,ScoreCardTest,toStringLeadsWithTheInningsId,com.cricket.core,5,4,False,False
com.cricket.adversarial.CloseOfPlayTest#theClosingTotalIsOnTheBoard,CloseOfPlayTest,theClosingTotalIsOnTheBoard,com.cricket.adversarial,0,4,True,True
com.cricket.adversarial.CloseOfPlayTest#theBoardShowsEveryDeliveryOfTheInnings,CloseOfPlayTest,theBoardShowsEveryDeliveryOfTheInnings,com.cricket.adversarial,0,4,True,True
com.cricket.adversarial.CloseOfPlayTest#theLastBallOfTheDayIsOnTheFeed,CloseOfPlayTest,theLastBallOfTheDayIsOnTheFeed,com.cricket.adversarial,0,4,True,True
com.cricket.adversarial.CloseOfPlayTest#theBoardIsFinalOnceTheScorersHaveSignedOff,CloseOfPlayTest,theBoardIsFinalOnceTheScorersHaveSignedOff,com.cricket.adversarial,5,0,False,False
com.cricket.adversarial.ConcurrentSubscriberTest#everySubscriberOnTheFeedReceivesTheInnings,ConcurrentSubscriberTest,everySubscriberOnTheFeedReceivesTheInnings,com.cricket.adversarial,5,1,True,False
com.cricket.adversarial.ConcurrentSubscriberTest#theTranscriptTalliesTheSameFromEveryThread,ConcurrentSubscriberTest,theTranscriptTalliesTheSameFromEveryThread,com.cricket.adversarial,5,1,True,False
com.cricket.adversarial.ConcurrentSubscriberTest#theAtomicDeliveryCountMatchesTheInnings,ConcurrentSubscriberTest,theAtomicDeliveryCountMatchesTheInnings,com.cricket.adversarial,5,1,True,False
com.cricket.adversarial.ConcurrentSubscriberTest#theScorecardIsSettledOnceTheQueueHasDrained,ConcurrentSubscriberTest,theScorecardIsSettledOnceTheQueueHasDrained,com.cricket.adversarial,5,0,True,False
com.cricket.adversarial.IntervalReportTest#theOpeningStandCarriedTheInnings,IntervalReportTest,theOpeningStandCarriedTheInnings,com.cricket.adversarial,5,4,False,False
com.cricket.adversarial.IntervalReportTest#theStandLastedTheWholeInnings,IntervalReportTest,theStandLastedTheWholeInnings,com.cricket.adversarial,5,4,False,False
com.cricket.adversarial.IntervalReportTest#everyBattingMilestoneWasPassed,IntervalReportTest,everyBattingMilestoneWasPassed,com.cricket.adversarial,0,4,True,True
com.cricket.adversarial.IntervalReportTest#theInningsRanToItsFullLength,IntervalReportTest,theInningsRanToItsFullLength,com.cricket.adversarial,5,4,False,False
com.cricket.adversarial.IntervalReportTest#theRunningTotalReachedTheClosingScore,IntervalReportTest,theRunningTotalReachedTheClosingScore,com.cricket.adversarial,0,4,True,True
com.cricket.adversarial.IntervalReportTest#theClosingFiguresAreFinalOnceTheScorersHaveCaughtUp,IntervalReportTest,theClosingFiguresAreFinalOnceTheScorersHaveCaughtUp,com.cricket.adversarial,5,4,False,False
com.cricket.adversarial.ScoreboardReadingTest#theScoreboardShowsTheWholeInnings,ScoreboardReadingTest,theScoreboardShowsTheWholeInnings,com.cricket.adversarial,5,4,False,False
com.cricket.adversarial.ScoreboardReadingTest#theScoreboardCountsEveryDeliveryBowled,ScoreboardReadingTest,theScoreboardCountsEveryDeliveryBowled,com.cricket.adversarial,0,4,True,True
com.cricket.adversarial.ScoreboardReadingTest#everyBoundaryIsOnTheScoreboard,ScoreboardReadingTest,everyBoundaryIsOnTheScoreboard,com.cricket.adversarial,0,4,True,True
com.cricket.adversarial.ScoreboardReadingTest#theViewerSeesTheWholeInnings,ScoreboardReadingTest,theViewerSeesTheWholeInnings,com.cricket.adversarial,5,4,False,False
com.cricket.adversarial.ScoreboardReadingTest#theTranscriptRunsToTheEndOfTheInnings,ScoreboardReadingTest,theTranscriptRunsToTheEndOfTheInnings,com.cricket.adversarial,0,4,True,True
com.cricket.adversarial.ScoreboardReadingTest#theFallOfTheLastWicketIsAnnounced,ScoreboardReadingTest,theFallOfTheLastWicketIsAnnounced,com.cricket.adversarial,5,4,False,False
com.cricket.adversarial.ScoreboardReadingTest#theScoreboardIsCompleteOnceTheScorersHaveCaughtUp,ScoreboardReadingTest,theScoreboardIsCompleteOnceTheScorersHaveCaughtUp,com.cricket.adversarial,5,0,False,False
com.cricket.concurrent.ConcurrentBallIngestTest#parallelIngestKeepsRunTotalConsistent,ConcurrentBallIngestTest,parallelIngestKeepsRunTotalConsistent,com.cricket.concurrent,1,0,False,True
com.cricket.concurrent.ConcurrentBallIngestTest#parallelIngestRecordsEveryLegalBall,ConcurrentBallIngestTest,parallelIngestRecordsEveryLegalBall,com.cricket.concurrent,1,0,False,True
com.cricket.concurrent.ConcurrentBallIngestTest#everySubmittedDeliveryReachesTheInnings,ConcurrentBallIngestTest,everySubmittedDeliveryReachesTheInnings,com.cricket.concurrent,1,0,False,True
com.cricket.concurrent.ConcurrentBallIngestTest#theBatterIsCreditedWithEveryRun,ConcurrentBallIngestTest,theBatterIsCreditedWithEveryRun,com.cricket.concurrent,1,0,False,True
com.cricket.concurrent.SharedStateRaceTest#concurrentRegistrationsAreAllVisible,SharedStateRaceTest,concurrentRegistrationsAreAllVisible,com.cricket.concurrent,1,1,False,True
com.cricket.concurrent.SharedStateRaceTest#theRegistrationCounterMatchesTheRegistrations,SharedStateRaceTest,theRegistrationCounterMatchesTheRegistrations,com.cricket.concurrent,1,1,False,True
com.cricket.concurrent.SharedStateRaceTest#everySubscriberIsRetainedOnTheFeed,SharedStateRaceTest,everySubscriberIsRetainedOnTheFeed,com.cricket.concurrent,1,1,False,True
com.cricket.live.BroadcastLatencyTest#subscriberReceivesEveryDelivery,BroadcastLatencyTest,subscriberReceivesEveryDelivery,com.cricket.live,0,0,False,True
com.cricket.live.BroadcastLatencyTest#theTranscriptCoversTheWholeInnings,BroadcastLatencyTest,theTranscriptCoversTheWholeInnings,com.cricket.live,0,0,False,True
com.cricket.live.BroadcastLatencyTest#everyBattingMilestoneIsNoticed,BroadcastLatencyTest,everyBattingMilestoneIsNoticed,com.cricket.live,0,0,False,True
com.cricket.live.BroadcastLatencyTest#aWicketNoticeReachesSubscribers,BroadcastLatencyTest,aWicketNoticeReachesSubscribers,com.cricket.live,0,0,False,True
com.cricket.live.BroadcastLatencyTest#everySubscriberSeesTheSameCountWhenAwaited,BroadcastLatencyTest,everySubscriberSeesTheSameCountWhenAwaited,com.cricket.live,5,0,False,False
com.cricket.live.IngestPipelineTest#aFreshPipelineIsIdle,IngestPipelineTest,aFreshPipelineIsIdle,com.cricket.live,5,4,False,False
com.cricket.live.IngestPipelineTest#submitReturnsAnIncreasingSequence,IngestPipelineTest,submitReturnsAnIncreasingSequence,com.cricket.live,5,4,False,False
com.cricket.live.IngestPipelineTest#aSubmittedDeliveryIsApplied,IngestPipelineTest,aSubmittedDeliveryIsApplied,com.cricket.live,5,0,False,False
com.cricket.live.IngestPipelineTest#awaitIdleReturnsTrueOnceDrained,IngestPipelineTest,awaitIdleReturnsTrueOnceDrained,com.cricket.live,5,0,False,False
com.cricket.live.IngestPipelineTest#awaitIdleOnAnEmptyPipelineReturnsImmediately,IngestPipelineTest,awaitIdleOnAnEmptyPipelineReturnsImmediately,com.cricket.live,5,0,False,False
com.cricket.live.IngestPipelineTest#everyDeliveryOfAnOverIsApplied,IngestPipelineTest,everyDeliveryOfAnOverIsApplied,com.cricket.live,5,0,False,False
com.cricket.live.IngestPipelineTest#submittedAndCompletedAgreeAfterDraining,IngestPipelineTest,submittedAndCompletedAgreeAfterDraining,com.cricket.live,5,0,False,False
com.cricket.live.IngestPipelineTest#acceptedCountsSuccessfulDeliveries,IngestPipelineTest,acceptedCountsSuccessfulDeliveries,com.cricket.live,5,0,False,False
com.cricket.live.IngestPipelineTest#anInvalidDeliveryIsRejectedNotApplied,IngestPipelineTest,anInvalidDeliveryIsRejectedNotApplied,com.cricket.live,5,0,False,False
com.cricket.live.IngestPipelineTest#aRejectionStillCountsAsCompleted,IngestPipelineTest,aRejectionStillCountsAsCompleted,com.cricket.live,5,0,False,False
com.cricket.live.IngestPipelineTest#theRejectionNamesTheDelivery,IngestPipelineTest,theRejectionNamesTheDelivery,com.cricket.live,5,0,False,False
com.cricket.live.IngestPipelineTest#submittingNullIsRejected,IngestPipelineTest,submittingNullIsRejected,com.cricket.live,5,4,False,False
com.cricket.live.IngestPipelineTest#submittingANullListIsRejected,IngestPipelineTest,submittingANullListIsRejected,com.cricket.live,5,4,False,False
com.cricket.live.IngestPipelineTest#deliveriesReachTheScorecardUpdater,IngestPipelineTest,deliveriesReachTheScorecardUpdater,com.cricket.live,5,0,False,False
com.cricket.live.IngestPipelineTest#theUpdaterTracksWicketsAndBalls,IngestPipelineTest,theUpdaterTracksWicketsAndBalls,com.cricket.live,5,0,False,False
com.cricket.live.IngestPipelineTest#theUpdaterCountsBoundaries,IngestPipelineTest,theUpdaterCountsBoundaries,com.cricket.live,5,0,False,False
com.cricket.live.IngestPipelineTest#anUntrackedMatchHasNoSnapshot,IngestPipelineTest,anUntrackedMatchHasNoSnapshot,com.cricket.live,5,4,False,False
com.cricket.live.IngestPipelineTest#theUpdaterSummarisesTheScore,IngestPipelineTest,theUpdaterSummarisesTheScore,com.cricket.live,5,0,False,False
com.cricket.live.IngestPipelineTest#resettingTheUpdaterClearsIt,IngestPipelineTest,resettingTheUpdaterClearsIt,com.cricket.live,5,0,False,False
com.cricket.live.IngestPipelineTest#theBroadcasterProducesALineForEveryDelivery,IngestPipelineTest,theBroadcasterProducesALineForEveryDelivery,com.cricket.live,5,0,False,False
com.cricket.live.IngestPipelineTest#subscribersReceiveEveryLine,IngestPipelineTest,subscribersReceiveEveryLine,com.cricket.live,5,0,False,False
com.cricket.live.IngestPipelineTest#anUnsubscribedListenerStopsReceiving,IngestPipelineTest,anUnsubscribedListenerStopsReceiving,com.cricket.live,5,0,False,False
com.cricket.live.IngestPipelineTest#recentLinesAreCapped,IngestPipelineTest,recentLinesAreCapped,com.cricket.live,5,0,False,False
com.cricket.live.IngestPipelineTest#recentReturnsEverythingWhenTheLimitExceedsTheTranscript,IngestPipelineTest,recentReturnsEverythingWhenTheLimitExceedsTheTranscript,com.cricket.live,5,0,False,False
com.cricket.live.IngestPipelineTest#milestonesFireOnceTheThresholdIsPassed,IngestPipelineTest,milestonesFireOnceTheThresholdIsPassed,com.cricket.live,5,0,False,False
com.cricket.live.IngestPipelineTest#aMilestoneFiresOnlyOnce,IngestPipelineTest,aMilestoneFiresOnlyOnce,com.cricket.live,5,0,False,False
com.cricket.live.IngestPipelineTest#noMilestoneFiresBelowFifty,IngestPipelineTest,noMilestoneFiresBelowFifty,com.cricket.live,5,0,False,False
com.cricket.live.IngestPipelineTest#thePartnershipTrackerFollowsTheStand,IngestPipelineTest,thePartnershipTrackerFollowsTheStand,com.cricket.live,5,0,False,False
com.cricket.live.IngestPipelineTest#severalListenersAllSeeTheDelivery,IngestPipelineTest,severalListenersAllSeeTheDelivery,com.cricket.live,5,0,False,False
com.cricket.live.IngestPipelineTest#theWorkerPoolRecordsThatItRan,IngestPipelineTest,theWorkerPoolRecordsThatItRan,com.cricket.live,5,0,False,False
com.cricket.live.IngestPipelineTest#aShutDownPipelineDrains,IngestPipelineTest,aShutDownPipelineDrains,com.cricket.live,5,0,False,False
com.cricket.live.LiveScoreIngestTest#scorecardReflectsAllBallsAfterIngest,LiveScoreIngestTest,scorecardReflectsAllBallsAfterIngest,com.cricket.live,0,0,False,True
com.cricket.live.LiveScoreIngestTest#everyDeliveryIsAppliedAfterIngest,LiveScoreIngestTest,everyDeliveryIsAppliedAfterIngest,com.cricket.live,0,0,False,True
com.cricket.live.LiveScoreIngestTest#theInningsTotalIsVisibleAfterIngest,LiveScoreIngestTest,theInningsTotalIsVisibleAfterIngest,com.cricket.live,0,0,False,True
com.cricket.live.LiveScoreIngestTest#commentaryCoversTheWholeInnings,LiveScoreIngestTest,commentaryCoversTheWholeInnings,com.cricket.live,0,0,False,True
com.cricket.live.LiveScoreIngestTest#thePartnershipIsVisibleAfterIngest,LiveScoreIngestTest,thePartnershipIsVisibleAfterIngest,com.cricket.live,0,0,False,True
com.cricket.live.LiveScoreIngestTest#pipelineDrainsWhenProperlyAwaited,LiveScoreIngestTest,pipelineDrainsWhenProperlyAwaited,com.cricket.live,5,0,False,False
com.cricket.live.ScorecardSnapshotTest#theSnapshotReachesTheFinalDelivery,ScorecardSnapshotTest,theSnapshotReachesTheFinalDelivery,com.cricket.live,0,0,False,True
com.cricket.live.ScorecardSnapshotTest#theSnapshotCountsEveryBoundary,ScorecardSnapshotTest,theSnapshotCountsEveryBoundary,com.cricket.live,0,0,False,True
com.cricket.live.ScorecardSnapshotTest#theSnapshotIsCompleteWhenProperlyAwaited,ScorecardSnapshotTest,theSnapshotIsCompleteWhenProperlyAwaited,com.cricket.live,5,0,False,False
com.cricket.stats.StatsTest#aTallyIsCreatedOnFirstReference,StatsTest,aTallyIsCreatedOnFirstReference,com.cricket.stats,5,4,False,False
com.cricket.stats.StatsTest#anUntrackedPlayerIsNotPresent,StatsTest,anUntrackedPlayerIsNotPresent,com.cricket.stats,5,4,False,False
com.cricket.stats.StatsTest#absorbingAnInningsPopulatesTheTallies,StatsTest,absorbingAnInningsPopulatesTheTallies,com.cricket.stats,5,4,False,False
com.cricket.stats.StatsTest#absorbingCountsBoundaries,StatsTest,absorbingCountsBoundaries,com.cricket.stats,5,4,False,False
com.cricket.stats.StatsTest#absorbingRecordsTheBowlersFigures,StatsTest,absorbingRecordsTheBowlersFigures,com.cricket.stats,5,4,False,False
com.cricket.stats.StatsTest#absorbingNullIsRejected,StatsTest,absorbingNullIsRejected,com.cricket.stats,5,4,False,False
com.cricket.stats.StatsTest#theLeadingRunScorerIsRanked,StatsTest,theLeadingRunScorerIsRanked,com.cricket.stats,5,4,False,False
com.cricket.stats.StatsTest#theLeadingWicketTakerIsRanked,StatsTest,theLeadingWicketTakerIsRanked,com.cricket.stats,5,4,False,False
com.cricket.stats.StatsTest#anEmptyLeaderboardHasNoLeader,StatsTest,anEmptyLeaderboardHasNoLeader,com.cricket.stats,5,4,False,False
com.cricket.stats.StatsTest#theTopScorersAreOrderedByRuns,StatsTest,theTopScorersAreOrderedByRuns,com.cricket.stats,5,3,False,False
com.cricket.stats.StatsTest#theLimitCapsTheLeaderboard,StatsTest,theLimitCapsTheLeaderboard,com.cricket.stats,5,4,False,False
com.cricket.stats.StatsTest#aLimitBeyondTheFieldReturnsEveryone,StatsTest,aLimitBeyondTheFieldReturnsEveryone,com.cricket.stats,5,4,False,False
com.cricket.stats.StatsTest#aZeroLimitReturnsNothing,StatsTest,aZeroLimitReturnsNothing,com.cricket.stats,5,4,False,False
com.cricket.stats.StatsTest#aNegativeLimitIsRejected,StatsTest,aNegativeLimitIsRejected,com.cricket.stats,5,4,False,False
com.cricket.stats.StatsTest#onlyBowlersAppearInTheEconomyTable,StatsTest,onlyBowlersAppearInTheEconomyTable,com.cricket.stats,5,4,False,False
com.cricket.stats.StatsTest#theEconomyTableRanksTheCheapestFirst,StatsTest,theEconomyTableRanksTheCheapestFirst,com.cricket.stats,5,4,False,False
com.cricket.stats.StatsTest#aggregateRunsSumEveryPlayer,StatsTest,aggregateRunsSumEveryPlayer,com.cricket.stats,5,4,False,False
com.cricket.stats.StatsTest#playersAboveAThresholdAreListed,StatsTest,playersAboveAThresholdAreListed,com.cricket.stats,5,4,False,False
com.cricket.stats.StatsTest#resetClearsTheLeaderboard,StatsTest,resetClearsTheLeaderboard,com.cricket.stats,5,4,False,False
com.cricket.stats.StatsTest#aTallyComputesItsStrikeRate,StatsTest,aTallyComputesItsStrikeRate,com.cricket.stats,5,2,False,False
com.cricket.stats.StatsTest#anUnfacedTallyHasNoStrikeRate,StatsTest,anUnfacedTallyHasNoStrikeRate,com.cricket.stats,5,2,False,False
com.cricket.stats.StatsTest#aNeverOutTallyAveragesItsRuns,StatsTest,aNeverOutTallyAveragesItsRuns,com.cricket.stats,5,2,False,False
com.cricket.stats.StatsTest#dismissalsDivideTheAverage,StatsTest,dismissalsDivideTheAverage,com.cricket.stats,5,2,False,False
com.cricket.stats.StatsTest#aTallyComputesItsEconomy,StatsTest,aTallyComputesItsEconomy,com.cricket.stats,5,2,False,False
com.cricket.stats.StatsTest#aWicketlessTallyHasNoBowlingAverage,StatsTest,aWicketlessTallyHasNoBowlingAverage,com.cricket.stats,5,2,False,False
com.cricket.stats.StatsTest#boundaryRunsAreSummed,StatsTest,boundaryRunsAreSummed,com.cricket.stats,5,4,False,False
com.cricket.stats.StatsTest#catchesAreCounted,StatsTest,catchesAreCounted,com.cricket.stats,5,4,False,False
com.cricket.stats.StatsTest#aBlankTallyPlayerIdIsRejected,StatsTest,aBlankTallyPlayerIdIsRejected,com.cricket.stats,5,4,False,False
com.cricket.stats.StatsTest#aRecordIsStored,StatsTest,aRecordIsStored,com.cricket.stats,5,4,False,False
com.cricket.stats.StatsTest#theSameRecordIsNotStoredTwice,StatsTest,theSameRecordIsNotStoredTwice,com.cricket.stats,5,4,False,False
com.cricket.stats.StatsTest#differentValuesAreDistinctRecords,StatsTest,differentValuesAreDistinctRecords,com.cricket.stats,5,4,False,False
com.cricket.stats.StatsTest#recordsAreFilteredByKind,StatsTest,recordsAreFilteredByKind,com.cricket.stats,5,4,False,False
com.cricket.stats.StatsTest#recordsOfAKindAreRankedByValue,StatsTest,recordsOfAKindAreRankedByValue,com.cricket.stats,5,2,False,False
com.cricket.stats.StatsTest#theHighestRecordIsReported,StatsTest,theHighestRecordIsReported,com.cricket.stats,5,4,False,False
com.cricket.stats.StatsTest#thereIsNoHighestWhenEmpty,StatsTest,thereIsNoHighestWhenEmpty,com.cricket.stats,5,4,False,False
com.cricket.stats.StatsTest#recordsAreFilteredByPlayer,StatsTest,recordsAreFilteredByPlayer,com.cricket.stats,5,4,False,False
com.cricket.stats.StatsTest#aBlankRecordPlayerIsRejected,StatsTest,aBlankRecordPlayerIsRejected,com.cricket.stats,5,4,False,False
com.cricket.stats.StatsTest#aBlankRecordKindIsRejected,StatsTest,aBlankRecordKindIsRejected,com.cricket.stats,5,4,False,False
com.cricket.stats.StatsTest#aNullRecordIsRejected,StatsTest,aNullRecordIsRejected,com.cricket.stats,5,4,False,False
com.cricket.stats.StatsTest#clearEmptiesTheBook,StatsTest,clearEmptiesTheBook,com.cricket.stats,5,4,False,False
com.cricket.stats.StatsTest#aMatchRendersAsJson,StatsTest,aMatchRendersAsJson,com.cricket.stats,5,3,False,False
com.cricket.stats.StatsTest#theRenderedDocumentListsTheInnings,StatsTest,theRenderedDocumentListsTheInnings,com.cricket.stats,5,3,False,False
com.cricket.stats.StatsTest#renderingNullIsRejected,StatsTest,renderingNullIsRejected,com.cricket.stats,5,4,False,False
com.cricket.stats.StatsTest#aBlankExportDirectoryIsRejected,StatsTest,aBlankExportDirectoryIsRejected,com.cricket.stats,5,4,False,False
com.cricket.stats.StatsTest#exportingWritesAFile,StatsTest,exportingWritesAFile,com.cricket.stats,5,4,False,False
com.cricket.stats.StatsTest#anExportedFileIsListed,StatsTest,anExportedFileIsListed,com.cricket.stats,5,4,False,False
com.cricket.stats.StatsTest#aFreshDirectoryIsEmpty,StatsTest,aFreshDirectoryIsEmpty,com.cricket.stats,5,4,False,False
com.cricket.stats.StatsTest#cleanupRemovesTheExports,StatsTest,cleanupRemovesTheExports,com.cricket.stats,5,4,False,False
com.cricket.stats.StatsTest#theExportedFileParsesBackAsJson,StatsTest,theExportedFileParsesBackAsJson,com.cricket.stats,5,3,False,False
com.cricket.stats.StatsTest#ensureDirectoryCreatesTheFolder,StatsTest,ensureDirectoryCreatesTheFolder,com.cricket.stats,5,4,False,False
com.cricket.time.MatchTimingTest#theArchiveIsWrittenInsideTheBudget,MatchTimingTest,theArchiveIsWrittenInsideTheBudget,com.cricket.time,2,2,False,True
com.cricket.time.MatchTimingTest#theOverlayKeepsUpWithTheDeliveries,MatchTimingTest,theOverlayKeepsUpWithTheDeliveries,com.cricket.time,2,2,False,True
com.cricket.time.MatchTimingTest#everyWicketIsKeptOnTheTimeline,MatchTimingTest,everyWicketIsKeptOnTheTimeline,com.cricket.time,2,4,False,True
com.cricket.time.MatchTimingTest#theTimelineKeepsMarkersTheCallerStamps,MatchTimingTest,theTimelineKeepsMarkersTheCallerStamps,com.cricket.time,5,4,False,False
com.cricket.time.MatchTimingTest#theSpanOfAnEmptyTimelineIsZero,MatchTimingTest,theSpanOfAnEmptyTimelineIsZero,com.cricket.time,5,2,False,False
com.cricket.time.MatchTimingTest#markersAreReadBackInTheOrderTheyWereStamped,MatchTimingTest,markersAreReadBackInTheOrderTheyWereStamped,com.cricket.time,5,2,False,False
com.cricket.time.MatchTimingTest#aBlankMarkerIsRejected,MatchTimingTest,aBlankMarkerIsRejected,com.cricket.time,5,4,False,False
com.cricket.uc.UnorderedStandingsTest#everyVenueIsCountedIntoTheBoard,UnorderedStandingsTest,everyVenueIsCountedIntoTheBoard,com.cricket.uc,5,2,False,False
com.cricket.uc.UnorderedStandingsTest#theOpeningVenueHeadsTheTable,UnorderedStandingsTest,theOpeningVenueHeadsTheTable,com.cricket.uc,3,4,False,True
com.cricket.uc.UnorderedStandingsTest#theRunnerUpIsSecondOnTheTable,UnorderedStandingsTest,theRunnerUpIsSecondOnTheTable,com.cricket.uc,3,4,False,True
com.cricket.uc.UnorderedStandingsTest#theOpeningBowlerHeadsTheWicketTable,UnorderedStandingsTest,theOpeningBowlerHeadsTheWicketTable,com.cricket.uc,3,4,False,True
com.cricket.uc.UnorderedStandingsTest#theBoardPresentsTheOpenersInSquadOrder,UnorderedStandingsTest,theBoardPresentsTheOpenersInSquadOrder,com.cricket.uc,3,4,False,True
com.cricket.uc.UnorderedStandingsTest#theTableIsSortedByRunsDescending,UnorderedStandingsTest,theTableIsSortedByRunsDescending,com.cricket.uc,5,3,False,False
com.cricket.uc.UnorderedStandingsTest#everyOpenerHasAStandingOnTheBoard,UnorderedStandingsTest,everyOpenerHasAStandingOnTheBoard,com.cricket.uc,5,4,False,False
com.cricket.uc.UnorderedStandingsTest#anEmptyBoardHasNoLeader,UnorderedStandingsTest,anEmptyBoardHasNoLeader,com.cricket.uc,5,4,False,False
com.cricket.api.CricketApiTest#healthReportsOk,CricketApiTest,healthReportsOk,com.cricket.api,5,3,False,False
com.cricket.api.CricketApiTest#healthReportsTheMatchCount,CricketApiTest,healthReportsTheMatchCount,com.cricket.api,5,4,False,False
com.cricket.api.CricketApiTest#healthRejectsPost,CricketApiTest,healthRejectsPost,com.cricket.api,5,4,False,False
com.cricket.api.CricketApiTest#anUnknownRouteIsNotFound,CricketApiTest,anUnknownRouteIsNotFound,com.cricket.api,5,4,False,False
com.cricket.api.CricketApiTest#theRootIsNotFound,CricketApiTest,theRootIsNotFound,com.cricket.api,5,4,False,False
com.cricket.api.CricketApiTest#aMatchIsCreated,CricketApiTest,aMatchIsCreated,com.cricket.api,5,3,False,False
com.cricket.api.CricketApiTest#aCreatedMatchIsRegistered,CricketApiTest,aCreatedMatchIsRegistered,com.cricket.api,5,4,False,False
com.cricket.api.CricketApiTest#creatingAMatchImportsBothSquads,CricketApiTest,creatingAMatchImportsBothSquads,com.cricket.api,5,4,False,False
com.cricket.api.CricketApiTest#theFormatDefaultsToT20,CricketApiTest,theFormatDefaultsToT20,com.cricket.api,5,3,False,False
com.cricket.api.CricketApiTest#anExplicitFormatIsHonoured,CricketApiTest,anExplicitFormatIsHonoured,com.cricket.api,5,3,False,False
com.cricket.api.CricketApiTest#anUnknownFormatIsRejected,CricketApiTest,anUnknownFormatIsRejected,com.cricket.api,5,4,False,False
com.cricket.api.CricketApiTest#explicitTeamsAreHonoured,CricketApiTest,explicitTeamsAreHonoured,com.cricket.api,5,3,False,False
com.cricket.api.CricketApiTest#anUnknownTeamIsRejected,CricketApiTest,anUnknownTeamIsRejected,com.cricket.api,5,4,False,False
com.cricket.api.CricketApiTest#aTeamCannotPlayItself,CricketApiTest,aTeamCannotPlayItself,com.cricket.api,5,3,False,False
com.cricket.api.CricketApiTest#aDuplicateMatchIdIsRejected,CricketApiTest,aDuplicateMatchIdIsRejected,com.cricket.api,5,4,False,False
com.cricket.api.CricketApiTest#aMissingMatchIdIsRejected,CricketApiTest,aMissingMatchIdIsRejected,com.cricket.api,5,4,False,False
com.cricket.api.CricketApiTest#aMissingBodyIsRejected,CricketApiTest,aMissingBodyIsRejected,com.cricket.api,5,4,False,False
com.cricket.api.CricketApiTest#malformedJsonIsRejected,CricketApiTest,malformedJsonIsRejected,com.cricket.api,5,4,False,False
com.cricket.api.CricketApiTest#matchesAreListed,CricketApiTest,matchesAreListed,com.cricket.api,5,3,False,False
com.cricket.api.CricketApiTest#anEmptyRegistryListsNothing,CricketApiTest,anEmptyRegistryListsNothing,com.cricket.api,5,4,False,False
com.cricket.api.CricketApiTest#aMatchDetailIsServed,CricketApiTest,aMatchDetailIsServed,com.cricket.api,5,3,False,False
com.cricket.api.CricketApiTest#anUnknownMatchIsNotFound,CricketApiTest,anUnknownMatchIsNotFound,com.cricket.api,5,4,False,False
com.cricket.api.CricketApiTest#startingAMatchOpensAnInnings,CricketApiTest,startingAMatchOpensAnInnings,com.cricket.api,5,4,False,False
com.cricket.api.CricketApiTest#aDeliveryIsAccepted,CricketApiTest,aDeliveryIsAccepted,com.cricket.api,5,3,False,False
com.cricket.api.CricketApiTest#aDeliveryReachesTheScorecard,CricketApiTest,aDeliveryReachesTheScorecard,com.cricket.api,5,4,False,False
com.cricket.api.CricketApiTest#severalDeliveriesAccumulate,CricketApiTest,severalDeliveriesAccumulate,com.cricket.api,5,2,False,False
com.cricket.api.CricketApiTest#anExtraIsRecorded,CricketApiTest,anExtraIsRecorded,com.cricket.api,5,3,False,False
com.cricket.api.CricketApiTest#aWicketIsRecorded,CricketApiTest,aWicketIsRecorded,com.cricket.api,5,4,False,False
com.cricket.api.CricketApiTest#aDeliveryToAnUnstartedMatchIsRejected,CricketApiTest,aDeliveryToAnUnstartedMatchIsRejected,com.cricket.api,5,3,False,False
com.cricket.api.CricketApiTest#aDeliveryToAnUnknownMatchIsNotFound,CricketApiTest,aDeliveryToAnUnknownMatchIsNotFound,com.cricket.api,5,4,False,False
com.cricket.api.CricketApiTest#aDeliveryWithoutABodyIsRejected,CricketApiTest,aDeliveryWithoutABodyIsRejected,com.cricket.api,5,4,False,False
com.cricket.api.CricketApiTest#aDeliveryWithoutABowlerIsRejected,CricketApiTest,aDeliveryWithoutABowlerIsRejected,com.cricket.api,5,4,False,False
com.cricket.api.CricketApiTest#gettingBallsIsNotAllowed,CricketApiTest,gettingBallsIsNotAllowed,com.cricket.api,5,4,False,False
com.cricket.api.CricketApiTest#commentaryIsServed,CricketApiTest,commentaryIsServed,com.cricket.api,5,4,False,False
com.cricket.api.CricketApiTest#commentaryRespectsTheLimit,CricketApiTest,commentaryRespectsTheLimit,com.cricket.api,5,0,False,False
com.cricket.api.CricketApiTest#aNegativeCommentaryLimitIsRejected,CricketApiTest,aNegativeCommentaryLimitIsRejected,com.cricket.api,5,3,False,False
com.cricket.api.CricketApiTest#theLeaderboardIsServed,CricketApiTest,theLeaderboardIsServed,com.cricket.api,5,3,False,False
com.cricket.api.CricketApiTest#theWicketTableIsServed,CricketApiTest,theWicketTableIsServed,com.cricket.api,5,4,False,False
com.cricket.api.CricketApiTest#metricsAreServed,CricketApiTest,metricsAreServed,com.cricket.api,5,4,False,False
com.cricket.api.CricketApiTest#anUnknownStatsRouteIsNotFound,CricketApiTest,anUnknownStatsRouteIsNotFound,com.cricket.api,5,4,False,False
com.cricket.api.CricketApiTest#postingToStatsIsNotAllowed,CricketApiTest,postingToStatsIsNotAllowed,com.cricket.api,5,4,False,False
com.cricket.api.CricketApiTest#shutdownClearsTheRegistry,CricketApiTest,shutdownClearsTheRegistry,com.cricket.api,5,4,False,False
com.cricket.api.CricketApiTest#startingAnUnknownMatchIsNotFound,CricketApiTest,startingAnUnknownMatchIsNotFound,com.cricket.api,5,3,False,False
com.cricket.api.CricketApiTest#startingWithoutAMatchIdIsRejected,CricketApiTest,startingWithoutAMatchIdIsRejected,com.cricket.api,5,4,False,False
com.cricket.api.CricketApiTest#anUnknownAdminRouteIsNotFound,CricketApiTest,anUnknownAdminRouteIsNotFound,com.cricket.api,5,4,False,False
com.cricket.api.CricketApiTest#metricsCountEveryRequest,CricketApiTest,metricsCountEveryRequest,com.cricket.api,5,3,False,False
com.cricket.api.CricketApiTest#metricsCollapseTheMatchIdIntoOneRoute,CricketApiTest,metricsCollapseTheMatchIdIntoOneRoute,com.cricket.api,5,4,False,False
com.cricket.api.CricketApiTest#aRateLimitedClientIsRefused,CricketApiTest,aRateLimitedClientIsRefused,com.cricket.api,5,1,False,False
com.cricket.api.CricketApiTest#handlingNullIsRejected,CricketApiTest,handlingNullIsRejected,com.cricket.api,5,4,False,False
com.cricket.api.CricketApiTest#theRequestPathMustBeAbsolute,CricketApiTest,theRequestPathMustBeAbsolute,com.cricket.api,5,4,False,False
com.cricket.api.HttpServerTest#theServerBindsToAFreePort,HttpServerTest,theServerBindsToAFreePort,com.cricket.api,5,4,False,False
com.cricket.api.HttpServerTest#healthIsServedOverHttp,HttpServerTest,healthIsServedOverHttp,com.cricket.api,5,3,False,False
com.cricket.api.HttpServerTest#theContentTypeIsJson,HttpServerTest,theContentTypeIsJson,com.cricket.api,5,3,False,False
com.cricket.api.HttpServerTest#aMatchIsCreatedOverHttp,HttpServerTest,aMatchIsCreatedOverHttp,com.cricket.api,5,3,False,False
com.cricket.api.HttpServerTest#anUnknownRouteReturnsFourOhFour,HttpServerTest,anUnknownRouteReturnsFourOhFour,com.cricket.api,5,4,False,False
com.cricket.api.HttpServerTest#aBadRequestReturnsFourHundred,HttpServerTest,aBadRequestReturnsFourHundred,com.cricket.api,5,4,False,False
com.cricket.api.HttpServerTest#aFullDeliveryFlowWorksOverHttp,HttpServerTest,aFullDeliveryFlowWorksOverHttp,com.cricket.api,5,0,False,False
com.cricket.api.HttpServerTest#queryParametersReachTheHandler,HttpServerTest,queryParametersReachTheHandler,com.cricket.api,5,0,False,False
com.cricket.api.HttpServerTest#aQueryStringIsParsed,HttpServerTest,aQueryStringIsParsed,com.cricket.api,5,3,False,False
com.cricket.api.HttpServerTest#anEmptyQueryStringYieldsNothing,HttpServerTest,anEmptyQueryStringYieldsNothing,com.cricket.api,5,4,False,False
com.cricket.api.HttpServerTest#aValuelessParameterBecomesEmpty,HttpServerTest,aValuelessParameterBecomesEmpty,com.cricket.api,5,4,False,False
com.cricket.api.HttpServerTest#percentEncodingIsDecoded,HttpServerTest,percentEncodingIsDecoded,com.cricket.api,5,4,False,False
com.cricket.api.HttpServerTest#aNullApiIsRejected,HttpServerTest,aNullApiIsRejected,com.cricket.api,5,4,False,False
com.cricket.api.MatchApiIngestTest#postedDeliveriesShowUpOnTheScorecard,MatchApiIngestTest,postedDeliveriesShowUpOnTheScorecard,com.cricket.api,5,0,False,False
com.cricket.api.MatchApiIngestTest#commentaryCoversEveryPostedDelivery,MatchApiIngestTest,commentaryCoversEveryPostedDelivery,com.cricket.api,5,0,False,False
com.cricket.api.MatchApiIngestTest#theOverCountIsCurrentOnTheScorecard,MatchApiIngestTest,theOverCountIsCurrentOnTheScorecard,com.cricket.api,0,0,False,True
com.cricket.api.MatchApiIngestTest#theScorecardIsCompleteWhenProperlyAwaited,MatchApiIngestTest,theScorecardIsCompleteWhenProperlyAwaited,com.cricket.api,5,0,False,False
com.cricket.api.RateLimiterTest#theFirstRequestIsAdmitted,RateLimiterTest,theFirstRequestIsAdmitted,com.cricket.api,5,4,False,False
com.cricket.api.RateLimiterTest#requestsUpToTheLimitAreAdmitted,RateLimiterTest,requestsUpToTheLimitAreAdmitted,com.cricket.api,5,0,False,False
com.cricket.api.RateLimiterTest#theRequestPastTheLimitIsRefused,RateLimiterTest,theRequestPastTheLimitIsRefused,com.cricket.api,5,0,False,False
com.cricket.api.RateLimiterTest#clientsHaveSeparateAllowances,RateLimiterTest,clientsHaveSeparateAllowances,com.cricket.api,5,0,False,False
com.cricket.api.RateLimiterTest#theWindowRollsOverAndRestoresTheAllowance,RateLimiterTest,theWindowRollsOverAndRestoresTheAllowance,com.cricket.api,5,0,False,False
com.cricket.api.RateLimiterTest#theWindowDoesNotRollOverEarly,RateLimiterTest,theWindowDoesNotRollOverEarly,com.cricket.api,5,0,False,False
com.cricket.api.RateLimiterTest#remainingStartsAtTheLimit,RateLimiterTest,remainingStartsAtTheLimit,com.cricket.api,5,4,False,False
com.cricket.api.RateLimiterTest#remainingCountsDown,RateLimiterTest,remainingCountsDown,com.cricket.api,5,0,False,False
com.cricket.api.RateLimiterTest#remainingBottomsOutAtZero,RateLimiterTest,remainingBottomsOutAtZero,com.cricket.api,5,0,False,False
com.cricket.api.RateLimiterTest#remainingResetsWithTheWindow,RateLimiterTest,remainingResetsWithTheWindow,com.cricket.api,5,0,False,False
com.cricket.api.RateLimiterTest#anExhaustedClientIsThrottled,RateLimiterTest,anExhaustedClientIsThrottled,com.cricket.api,5,0,False,False
com.cricket.api.RateLimiterTest#aFreshClientIsNotThrottled,RateLimiterTest,aFreshClientIsNotThrottled,com.cricket.api,5,4,False,False
com.cricket.api.RateLimiterTest#timeUntilResetCountsDown,RateLimiterTest,timeUntilResetCountsDown,com.cricket.api,5,2,False,False
com.cricket.api.RateLimiterTest#timeUntilResetIsZeroForAnUnseenClient,RateLimiterTest,timeUntilResetIsZeroForAnUnseenClient,com.cricket.api,5,2,False,False
com.cricket.api.RateLimiterTest#timeUntilResetBottomsOutAtZero,RateLimiterTest,timeUntilResetBottomsOutAtZero,com.cricket.api,5,0,False,False
com.cricket.api.RateLimiterTest#clientsAreTracked,RateLimiterTest,clientsAreTracked,com.cricket.api,5,0,False,False
com.cricket.api.RateLimiterTest#resetForgetsEveryClient,RateLimiterTest,resetForgetsEveryClient,com.cricket.api,5,0,False,False
com.cricket.api.RateLimiterTest#theConfigurationIsReadable,RateLimiterTest,theConfigurationIsReadable,com.cricket.api,5,2,False,False
com.cricket.api.RateLimiterTest#aZeroLimitIsRejected,RateLimiterTest,aZeroLimitIsRejected,com.cricket.api,5,2,False,False
com.cricket.api.RateLimiterTest#aZeroWindowIsRejected,RateLimiterTest,aZeroWindowIsRejected,com.cricket.api,5,1,False,False
com.cricket.api.RateLimiterTest#aNullClockIsRejected,RateLimiterTest,aNullClockIsRejected,com.cricket.api,5,2,False,False
com.cricket.api.RateLimiterTest#aBlankClientIsRejected,RateLimiterTest,aBlankClientIsRejected,com.cricket.api,5,4,False,False
com.cricket.api.RateLimiterTest#aNullClientIsRejected,RateLimiterTest,aNullClientIsRejected,com.cricket.api,5,0,False,False
com.cricket.api.RateLimiterTest#theClockCanBeSetOutright,RateLimiterTest,theClockCanBeSetOutright,com.cricket.api,5,0,False,False
com.cricket.api.RateLimiterTest#severalWindowsInSuccessionEachAllowTheLimit,RateLimiterTest,severalWindowsInSuccessionEachAllowTheLimit,com.cricket.api,5,0,False,False
com.cricket.od.ArchiveFreshnessTest#theExportDirectoryStartsClean,ArchiveFreshnessTest,theExportDirectoryStartsClean,com.cricket.od,4,4,False,True
com.cricket.od.ArchiveFreshnessTest#anExportedMatchIsListedInTheArchive,ArchiveFreshnessTest,anExportedMatchIsListedInTheArchive,com.cricket.od,5,4,False,False
com.cricket.od.ArchiveFreshnessTest#theRenderedDocumentNamesTheMatch,ArchiveFreshnessTest,theRenderedDocumentNamesTheMatch,com.cricket.od,5,4,False,False
com.cricket.od.ArchiveFreshnessTest#theExporterCreatesItsDirectoryOnDemand,ArchiveFreshnessTest,theExporterCreatesItsDirectoryOnDemand,com.cricket.od,5,4,False,False
com.cricket.od.ArchiveFreshnessTest#anUnexportedMatchIsNotReportedAsPresent,ArchiveFreshnessTest,anUnexportedMatchIsNotReportedAsPresent,com.cricket.od,5,4,False,False
com.cricket.od.ArchiveFreshnessTest#aBlankDirectoryIsRejected,ArchiveFreshnessTest,aBlankDirectoryIsRejected,com.cricket.od,5,4,False,False
com.cricket.od.CommentaryFormatTest#scoresUseThePointDecimalSeparator,CommentaryFormatTest,scoresUseThePointDecimalSeparator,com.cricket.od,4,3,False,True
com.cricket.od.CommentaryFormatTest#theDefaultScorecardFormatIsFull,CommentaryFormatTest,theDefaultScorecardFormatIsFull,com.cricket.od,4,4,False,True
com.cricket.od.CommentaryFormatTest#theScoreLineLeadsWithRunsAndWickets,CommentaryFormatTest,theScoreLineLeadsWithRunsAndWickets,com.cricket.od,5,4,False,False
com.cricket.od.CommentaryFormatTest#theHeaderNamesTheBattingSide,CommentaryFormatTest,theHeaderNamesTheBattingSide,com.cricket.od,5,4,False,False
com.cricket.od.CommentaryFormatTest#aChaseWithNoBallsLeftHasNoRequiredRate,CommentaryFormatTest,aChaseWithNoBallsLeftHasNoRequiredRate,com.cricket.od,5,3,False,False
com.cricket.od.CommentaryFormatTest#theRequiredRateIsRunsOverRemainingOvers,CommentaryFormatTest,theRequiredRateIsRunsOverRemainingOvers,com.cricket.od,4,2,False,True
com.cricket.od.CommentaryFormatTest#aNullCardIsRejected,CommentaryFormatTest,aNullCardIsRejected,com.cricket.od,5,4,False,False
com.cricket.od.DeliveryRulesTest#theShippedConditionsAreInEffect,DeliveryRulesTest,theShippedConditionsAreInEffect,com.cricket.od,4,4,False,True
com.cricket.od.DeliveryRulesTest#anOverIsSixLegalDeliveries,DeliveryRulesTest,anOverIsSixLegalDeliveries,com.cricket.od,4,2,False,True
com.cricket.od.DeliveryRulesTest#aWideCostsTheBowlingSideOneRun,DeliveryRulesTest,aWideCostsTheBowlingSideOneRun,com.cricket.od,4,4,False,True
com.cricket.od.DeliveryRulesTest#aWideDoesNotCountTowardsTheOver,DeliveryRulesTest,aWideDoesNotCountTowardsTheOver,com.cricket.od,5,4,False,False
com.cricket.od.DeliveryRulesTest#runsOffTheBatGoToTheStriker,DeliveryRulesTest,runsOffTheBatGoToTheStriker,com.cricket.od,5,4,False,False
com.cricket.od.DeliveryRulesTest#aFreshEngineHasNoFreeHitPending,DeliveryRulesTest,aFreshEngineHasNoFreeHitPending,com.cricket.od,5,4,False,False
com.cricket.od.ExperimentalFormatTest#theTrialOverRunsToEightDeliveries,ExperimentalFormatTest,theTrialOverRunsToEightDeliveries,com.cricket.od,5,2,False,False
com.cricket.od.ExperimentalFormatTest#eightLegalDeliveriesCompleteTheOver,ExperimentalFormatTest,eightLegalDeliveriesCompleteTheOver,com.cricket.od,5,0,False,False
com.cricket.od.ExperimentalFormatTest#aWideCostsTwoUnderTheTrialConditions,ExperimentalFormatTest,aWideCostsTwoUnderTheTrialConditions,com.cricket.od,5,4,False,False
com.cricket.od.ExperimentalFormatTest#theTrialConditionsAreNotTheShippedOnes,ExperimentalFormatTest,theTrialConditionsAreNotTheShippedOnes,com.cricket.od,5,4,False,False
com.cricket.od.ExperimentalFormatTest#anOverLengthBeyondTwelveIsRejected,ExperimentalFormatTest,anOverLengthBeyondTwelveIsRejected,com.cricket.od,5,4,False,False
com.cricket.od.LiveMatchQueryTest#theDirectoryStartsEmpty,LiveMatchQueryTest,theDirectoryStartsEmpty,com.cricket.od,4,4,False,True
com.cricket.od.LiveMatchQueryTest#onlyMatchesInProgressAreLive,LiveMatchQueryTest,onlyMatchesInProgressAreLive,com.cricket.od,4,4,False,True
com.cricket.od.LiveMatchQueryTest#aRegisteredMatchCanBeFoundById,LiveMatchQueryTest,aRegisteredMatchCanBeFoundById,com.cricket.od,5,4,False,False
com.cricket.od.LiveMatchQueryTest#anUnknownMatchIdIsNotFound,LiveMatchQueryTest,anUnknownMatchIdIsNotFound,com.cricket.od,5,4,False,False
com.cricket.od.LiveMatchQueryTest#requiringAnUnknownMatchThrows,LiveMatchQueryTest,requiringAnUnknownMatchThrows,com.cricket.od,5,4,False,False
com.cricket.od.LiveMatchQueryTest#aMatchIsFoundByEitherSide,LiveMatchQueryTest,aMatchIsFoundByEitherSide,com.cricket.od,5,4,False,False
com.cricket.od.LiveMatchQueryTest#registeringNullIsRejected,LiveMatchQueryTest,registeringNullIsRejected,com.cricket.od,5,4,False,False
com.cricket.od.MatchArchiveTest#everyFixtureOfTheSeasonIsArchived,MatchArchiveTest,everyFixtureOfTheSeasonIsArchived,com.cricket.od,5,4,False,False
com.cricket.od.MatchArchiveTest#anArchivedFileCarriesTheMatchId,MatchArchiveTest,anArchivedFileCarriesTheMatchId,com.cricket.od,5,4,False,False
com.cricket.od.MatchArchiveTest#theArchivedDocumentRecordsTheVenue,MatchArchiveTest,theArchivedDocumentRecordsTheVenue,com.cricket.od,5,4,False,False
com.cricket.od.MatchArchiveTest#theArchiveListingIsSorted,MatchArchiveTest,theArchiveListingIsSorted,com.cricket.od,5,3,False,False
com.cricket.od.PlayerImportTest#importingASquadAddsEveryPlayer,PlayerImportTest,importingASquadAddsEveryPlayer,com.cricket.od,5,4,False,False
com.cricket.od.PlayerImportTest#bothNamedSquadsAreImported,PlayerImportTest,bothNamedSquadsAreImported,com.cricket.od,5,4,False,False
com.cricket.od.PlayerImportTest#anImportedPlayerKeepsTheirRole,PlayerImportTest,anImportedPlayerKeepsTheirRole,com.cricket.od,5,4,False,False
com.cricket.od.PlayerImportTest#theImportCounterTracksTheSquadsLoaded,PlayerImportTest,theImportCounterTracksTheSquadsLoaded,com.cricket.od,5,4,False,False
com.cricket.od.PlayerImportTest#importingNullIsRejected,PlayerImportTest,importingNullIsRejected,com.cricket.od,5,4,False,False
com.cricket.od.RegionalBroadcastTest#theRegionalFeedUsesTheLocalDecimalSeparator,RegionalBroadcastTest,theRegionalFeedUsesTheLocalDecimalSeparator,com.cricket.od,5,4,False,False
com.cricket.od.RegionalBroadcastTest#theInGroundBoardTakesTheCompactLine,RegionalBroadcastTest,theInGroundBoardTakesTheCompactLine,com.cricket.od,5,4,False,False
com.cricket.od.RegionalBroadcastTest#theCompactBattingLineOmitsTheBallsFaced,RegionalBroadcastTest,theCompactBattingLineOmitsTheBallsFaced,com.cricket.od,5,4,False,False
com.cricket.od.RegionalBroadcastTest#theConfiguredStyleIsReportedBack,RegionalBroadcastTest,theConfiguredStyleIsReportedBack,com.cricket.od,5,4,False,False
com.cricket.od.RosterLookupTest#theOpenerResolvesByShortName,RosterLookupTest,theOpenerResolvesByShortName,com.cricket.od,4,4,False,True
com.cricket.od.RosterLookupTest#bothSquadsAreKnownToTheDirectory,RosterLookupTest,bothSquadsAreKnownToTheDirectory,com.cricket.od,4,4,False,True
com.cricket.od.RosterLookupTest#aShortNameIsMatchedWithoutRegardToCase,RosterLookupTest,aShortNameIsMatchedWithoutRegardToCase,com.cricket.od,5,4,False,False
com.cricket.od.RosterLookupTest#aNameThatWasNeverImportedIsNotFound,RosterLookupTest,aNameThatWasNeverImportedIsNotFound,com.cricket.od,5,4,False,False
com.cricket.od.RosterLookupTest#requiringAnUnknownShortNameThrows,RosterLookupTest,requiringAnUnknownShortNameThrows,com.cricket.od,5,4,False,False
com.cricket.od.RosterLookupTest#anEmptyFragmentMatchesNobody,RosterLookupTest,anEmptyFragmentMatchesNobody,com.cricket.od,5,4,False,False
com.cricket.od.RosterLookupTest#searchingByNameFragmentIsCaseInsensitive,RosterLookupTest,searchingByNameFragmentIsCaseInsensitive,com.cricket.od,4,4,False,True
com.cricket.od.SeriesSetupTest#theWholeSeriesIsRegistered,SeriesSetupTest,theWholeSeriesIsRegistered,com.cricket.od,5,4,False,False
com.cricket.od.SeriesSetupTest#theOpeningFixtureIsUnderWay,SeriesSetupTest,theOpeningFixtureIsUnderWay,com.cricket.od,5,4,False,False
com.cricket.od.SeriesSetupTest#theOpenerIsServedOnTheLiveEndpoint,SeriesSetupTest,theOpenerIsServedOnTheLiveEndpoint,com.cricket.od,5,4,False,False
com.cricket.od.SeriesSetupTest#everyFixtureInvolvesBothTouringSides,SeriesSetupTest,everyFixtureInvolvesBothTouringSides,com.cricket.od,5,4,False,False
com.cricket.od.SeriesSetupTest#theRegistrationCounterAdvancesWithEachFixture,SeriesSetupTest,theRegistrationCounterAdvancesWithEachFixture,com.cricket.od,5,4,False,False
com.cricket.od.SeriesSetupTest#aReplacedFixtureKeepsTheSameId,SeriesSetupTest,aReplacedFixtureKeepsTheSameId,com.cricket.od,5,4,False,False
com.cricket.od.TournamentTeardownTest#theFixtureDirectoryIsEmptied,TournamentTeardownTest,theFixtureDirectoryIsEmptied,com.cricket.od,5,4,False,False
com.cricket.od.TournamentTeardownTest#theSquadsAreUnloaded,TournamentTeardownTest,theSquadsAreUnloaded,com.cricket.od,5,0,False,False
com.cricket.od.TournamentTeardownTest#theShippedPlayingConditionsAreRestored,TournamentTeardownTest,theShippedPlayingConditionsAreRestored,com.cricket.od,5,4,False,False
com.cricket.od.TournamentTeardownTest#thePresentationSettingsAreHandedBack,TournamentTeardownTest,thePresentationSettingsAreHandedBack,com.cricket.od,5,4,False,False
com.cricket.od.TournamentTeardownTest#theArchiveIsCleared,TournamentTeardownTest,theArchiveIsCleared,com.cricket.od,5,4,False,False
